10000000,0,0,0,0,0,0,0,0,0
210000992,0,0,0,0,0,0,0.95,0,0
210101200,0,0,0,0,0.949914,0,0,0,0
210121200,0,0,1,0,0,0,0,0,0
100000000,0,0,0,0,0,0,0,0,0
100010016,0,0,0,0,0,0,0,0,0.948665
100011216,0,0,0,0,0,0,0,0,1
121011216,0,0,0,0,0,0,0,0,1
1,0,0,0,0,0,0,0,0,0
1200001,0,0,0,0,0,0.855864,0.0928103,0,0
11202001,0.9405,0,0,0,0,0,0,0,0
211202016,0,0,0,0,1,0,0,0,0
10000,0,0,0,0,0,0,0,0,0
200011008,0,0,0,0.45125,0,0,0,0,0
210011024,0,0,0,0.475,0,0,0,0,0
1000,0,0,0,0,0,0,0,0,0
20101000,0,0,0,0,0.406609,0,0,0.855,0
22101100,0,0,0,0,0,0,0,0.855,0
22101120,0,0,0,0,1,0,0,0,0
100,0,0,0,0,0,0,0,0,0
21000100,0.731025,0,0,0,0.455768,0,0,0,0
21201100,0,0,0,0,0.89775,0,0,0,0
121221104,0,0,0,0,0,0,0,1,0.5
100001200,0,0.445933,0.00928103,0.0894238,0.0901859,0,0,0.0936653,0.899893
120001200,0,0,0,0,0,0,0,0,0
120101224,0,0,0,0,1,0,0,0,0
10,0,0,0,0,0,0,0,0,0
112,8.85782e-12,0.451249,0.945088,0,0.0849261,8.85354e-10,0,0,0
200001120,0,0,0,0,1,0,0,0,0
120100,0.451251,0,0,0,0,0,0,0,0
201000112,0,0,0,0,1,0,0,0,0
211200112,0,0,0,0,1,0,0,0,0
1000000,0,0,0,0,0,0,0,0,0
1212001,0.855,0,0,0,0,0,0,0,0
1100020,0.767576,0,0,0,0.447478,0,0.438615,0,0.000892582
101100224,0,0,0,0,0,0,0,0,1
101120224,0,1,0,0,0,0,0,0,0
10000021,0.45125,0,0.450844,0,0,0,0,0,0
210100016,0,0,0.474525,0,0.475,0.47025,0.474952,0,0
210110224,0,0,0,0,0,0.5,0,0,0
100002000,0,0,0,0,0.941185,0,7.31026e-09,7.39068e-11,0
101202000,0,0,0,0,1,0,0,0,0
20011000,0,0,0,0.731025,0,0,0,0,0
120011200,0,0,0,0,0,0,0,0,0.855
101002000,0,0,0,0,0,0,0,0,0
101022008,0,0,0,1,0,0,0,0,0
12100000,0.402141,0,0,0,0.456317,9.0077e-06,0,0.00479641,0.894634
12101020,0,0,0,0,0.475,0,0,0,0.9405
112121024,0,0,0,0,0,0,1,0,0
11002,0,0,0,0.45125,0,0,0,0,0
100211000,0,0.475,0.475,0,0,0,0.475,0.475,0
100211120,0,0,0.5,0,0,0,0,0,0
100000,0,0,0,0,0,0,0,0,0
100102,0,0,0,0,0,0,0,0,0
10100122,0,0,0,0,0,0,0,0,0
210110128,0,0,0,0,0,0,0,0,0
120100000,0,0,0,0,0,0,0,0,0
120101000,0,0,0,0,0,0,0,0,0
200110000,0,0,0,0,0,0.45125,0,0,0
100000200,0,7.31477e-12,0.898186,0,0,0,0,0,0
101002200,0,0,0,0,0,0,0,0,0
110000224,0,0,0,0,0,0,0,0,0
110102224,0,0,0,0,0,0,0,0,0
20110,0,0,0,0,0,0,0,0,0.45125
200021104,0,0,0,0,0,0,0,0,1
212021104,0,0,0,0,0,0,0,0,1
101000016,0,0,0,0,0,0.0731025,0,0,0.88454
101021024,0,1,0,0,0,0,0,0,0
110020,0,0,0,0,0,0,0,0,0
100112016,0,0,0,0,0,0,0.855,0,0
101112024,0,0,0,0,0,0,1,0,0
2011,0,0,0,0,0,0,0,0,0
201002016,0,0,0,0,0.4275,0,0.513,0,0
201122016,0,0,0,0,0,0,0.5,0,0
100000016,0,0.45125,0.45125,0.45125,0.45125,0.450799,4.5125e-05,0,0
100201008,0,0.475,0.474995,0,0.474525,0,4.7025e-05,0,0
120211008,0,0,0.5,0,0,0,0.5,0,0
10020010,0.0731025,0,0.90297,0.448105,0,0.0928193,0.0906779,0,0.0945249
10021210,0,0,1,0,0,0,0,0,0.0855
11021212,1,0,0,0,0,0,0,0,0
10010200,4.87565e-10,0,8.04933e-08,0,0,0,0,0.949992,0
101200000,0,0,0,0,0,0,0,0,0
101201000,0,0.475,0,0,0,0,0,0,0
200000112,0,0,0,0,0,0,0,0,0
220010112,0,0,1,0,0,0,0,0,0
12001,0.528202,0,0,0,0,0,0,0,0
10212001,0,0,0,0,0,0,0,0,0
12212101,0,0,0,0,0,0,0,0,0
11012200,0,0,0,0,0,0,0,0,0
201000000,0,0,0,0,0,0,0,0,0
221000096,0,0,0,0,0,0,0,0,0
100021,0.365512,0.816525,0,0,0.402064,0.44227,0,0,0
120121,0,1,0.4275,0,0,0.47025,0,0,0
1122121,0.5,1,0,0,0,0,0,0,0
102000096,0,0,0,0.889407,0,0,0,4.42271e-11,0
102010104,0,0,0,0.47025,0,1,0,0.4275,0
112010120,0,0,0,0.5,0,1,0,0,0
2010100,0.451255,9.40504e-21,0,0,0,5.31663e-05,0,7.75703e-25,0.451295
2210110,0,0,0,0,0,0,0,0,0
122210112,0,0,0,0,0,0,0,0,0.5
10210000,0,0,0,0,0,0,0,0,0
11210020,0,0,0,0,0,0,0,0,0
2000011,0,0,0,0,0,0,0,0,0
2100211,0.95,0,0,0,0,0.000855001,0,0,0
102102208,0,0,0,0,1,0,0,0,0
102000000,0,0,0,0.365512,0.460695,0.812169,0,0,0
102201000,0,0,0,0,0.475,0,0,0,0
112201024,0,0,0,0,0.5,0,0,0,0
101002024,0,0.949135,0,0,0,0,0,0,0
121102024,0,0,0,0,1,0,0,0,0
1120000,0.45125,0.45125,0,0,0,0.045125,0.45125,0.45125,4.46732e-24
21120010,8.55003e-14,0,0,0,0,0,0.475,0,0.475
21120112,1,0,0,0,0,0,0,0,0
112002000,0,0,0,0,0.95,0,0,0,0
112102200,0,0,0,0,1,0,0,0,0
210000016,0,0,0.00731025,0,0.902927,0,0,0,0
210000112,0,0,0,0,1,0,0,0,0
212100112,0,0,0,0,0,1,0,0,0
101000200,0,0,0,0,0,0,0,0,0
101001216,0,0,0,0,0,0,0,0,1
102100000,0,0,0,0,0,0,0,0,0
102110200,0,0,0,0,0,0,0,0,0
112110224,0,0,0,0,0,0,0,0,1
10012000,0,0,0,0,0,0,0.365512,0.088166,0
110012016,0,0,0.9405,0,0,0,0,0,0
110112024,0,0,0,0,0,0,1,0,0
11112202,0,0,0,0,0,0,0,1,0
212011008,0,0,0,0,0,0,0,0,0
212011120,0,0,0,0.5,0,0,0,0,0
121002120,0,0,0,0,1,0,0,0,0
122000008,0,0,0,0,0,0,0,0,0
110000200,0,0,0,0,0,0,0,0,0
101020200,0,0,0,0,0,0,0,0,0
200100016,0,0.451324,0.945293,0,0.45169,0.373634,0.000767577,0,7.31026e-05
200120016,0,0,0,0,0,0,0.475,0,0
110002000,0,0,0.816525,0,0,0,0,0,0
200010000,0,0.0928103,0.45125,0,0,0.406531,0.45125,0,0
220110000,0,0,0,0,0,0.4788,0,0,0
220112096,0,0,1,0,0,0,0,0,0
210010000,0,0,0,0,0,0,0,0.45125,0
211010000,0,0,0,0,0,0,0,0,0
102100024,0,0,0,0,0,0,0,0,0
112000200,0,0,0,0,1,0,0,0,0
210010,0,0.731025,0,0,0,0,0,0,0
1210012,0,0,0,0,0,0,0,0,0
10120000,0.45125,0,0.45125,0,0,0,0.45125,0,0
110120000,0,0,0,0,0,0,0,0,0
210100,0,0,0,0,0,0,0,0,0
100210120,0,0,0,0,0,0,0,0,0
2110120,0,0,0,0,0,0,0,0,0
101001024,0,0.94905,0,0,0,0,0,0,0
121001120,0,0,0,0,1,0,0,0,0
2001010,0.906387,0.00900412,0,0.44995,0.475897,0,0,0,0
2011210,0,0,0,0,0,0,0,0,0
102020112,0,0,0,0,0,0,0,0,0
10000012,0,0,0,0,0.902453,0,0,0,0
2011012,0,0,0,0,0,0,0,0,0
20010100,0.940509,0,9.5e-06,0,0,0,0,0,0
1000102,0,0,0,0,0,0,0,0,0
201001104,0,0,0,0,1,0,0,0,0
211201104,0,0,0,0,1,0,0,0,0
110010224,0,0,0,0,0,0,0,0,1
100020096,0,0,0,0.45125,0,0,0,0,0
101012020,0,0,0,0,0,0,0,0,0
1000201,0,0,0,0.907096,0.4551,0.365512,0,0,0
100120000,0,0,0,0,0,0,0.45125,0,8.04129e-08
100120012,0,0,0,0,0,0,0.475,0,0
110120212,0,0,1,0,0,0,0,0,0
200110,0,0,0,0,0,0,0,0,0
1000021,0,0,0,0,0,0,0,0,0
201010021,0,0,0,0,0,0,0,0,0
110010220,0,0,0,0,0,0,0,0,1
12000001,4.50801e-26,0,0,0,0.45125,0,9.7414e-17,0.45125,0
12010021,0.475,0,0,0,0,0.474995,0,0,0
212110021,0,0,0,0,0,0.5,0,0,0
1201000,0,0,0,0,0,0,0,0,0.45125
1001002,9.02026e-05,0,0,0.0731025,0,0,0.442672,0.949999,0
1011022,0,0,0,0,0,0,1,0,0
11020,0,0,0,0,0,0,0,0,0
201002011,0,0,0,0,0.4275,0,0.89775,0,0
211202011,0,0,0,0,1,0,0,0,0
100012,0.0893945,0,0.907202,0,0.499974,0,0,0,0
12100012,0,0,0,0,0.95,0,0,0,0
112120012,0,0,0,0,0,1,0,0,0
1210000,0,0.000731025,0,0,0,0,0,0,0.731025
21211000,0,0,0,0,0,0,0,0,0
221211010,0,0,0,0,0,0,1,0,0
2101,0,0,0,0,0,0,0,0,0
11000002,0,0,0,0,0,0,0,0,0
211100002,0,0,0,0,1,0,0,0,0
1120201,0,0,0,0,0,0.475,0,0,0
10120210,0.95,0,0,0,0,0,0,0,0
110122210,0,0,1,0,0,0,0,0,0
200101,0,0,0,0,0,0,0,0,0
110000020,0,0,0.45125,0,0,0,0,0,0
110120020,0,0,0,0,0,0,0,0,0
101120002,0,0,0,0,0,0,0,0,0
20000101,0,0,0,0,0,0,0,0,0
221000101,0,0,0,0,0.855,0,0,0,0
221120101,0,0,0,0,0,0,0,1,0
101200201,0,0,0,0,0,0,0,0,0
1012000,0,0,0,0,0,0,0,0,0
102001000,0,0.45125,0,0.45125,0.45125,0,8.63627e-15,0.4501,0.45125
102001021,0,0.855855,0,0,0,0,0,0,0
102001,0.45125,7.39803e-34,0,0,0,0,0.451209,0.365512,0
200112001,0,0,0.95,0,0,0,0.474525,0.474952,0
200112211,0,0.5,0,0,0,0,0,0,0
2000101,0.451124,0,0,0,0,4.50751e-09,0,0.828694,0
22001101,1,0,0,0,0,0,0,0,0
201200101,0,0,0,0,0,0.855,0,0,0
100000012,0,0,0.949995,0.438615,0.406157,0.009405,0,0,0
201000001,0,0,0,0,0,0,0,0,0
212110,0,0,0,0,0,0,0,0,0
120110200,0,0,0,0,0,0,0,0,0
11002000,0,0,0,0,0,0,0,0,0
120000100,0,0,0,0.844699,0,0,0,0,0.0365513
2011000,0,0,0,0.45125,0,0,0,0,0
201001102,0,0,0,0,1,0,0,0,0
201101122,0,0,0,0,1,0,0,0,0
100000102,0,0,0,0.902094,0,0,0,0,0
100210102,0,0,0.4275,0,0,0,0,0.4275,0
100211122,0,0,0.5,0,0,0,0,0,0
21102001,0,0,0,0,0.9405,0,0,0,0
21122101,0,0,0,0,0,0,0,1,0
200010100,0,0,0.45125,0,0,0,0,4.06531e-05,0
220011100,0,0,1,0,0,0,0,0,0
100210000,0,0,0,0,0,0,0,0,0.87723
1010002,0,0,0,0,0,0,0.45125,0,0
1110202,0,0,0,0,0,0,0,1,0
221010001,0,0,0,0,0,0,0,0,0
20011,0.451295,4.51251e-13,0,0,0,0,0.907246,0,0
212100001,0,0,0,0,0.475,0,0,0.475,0
212120011,0,0,0,0,0,0,1,0,0
101002201,0,0,0,0,0,0,0,0,0
201000100,0,0,0,0,0,0.00731025,0,0,0.95
211002100,0,0,0,0,0.855,0,0,0,0
211202101,0,0,0,0,1,0,0,0,0
1020100,0,0.45125,0,0.45125,0,0.45125,0,0.45125,0
201020101,0,0,0,0,0,0,0,0,0
10020001,0.45125,0,0.45125,0.45125,0,0.45125,0,0,0
110022001,0,0,0,1,0,0,0,0,0
110122201,0,0,1,0,0,0,0,0,0
100210,0.00902427,0.450802,0,0,0.45125,0.402064,0,0,0
200100211,0,0.949572,0,0,0,0,0,0,0
220101211,0,0,1,0,0,0,0,0,0
100020112,0,0,0,0.475,0,0,0,0,0
210010120,0,0,0.475,0,0,0,0,0,0
212110120,0,0,0,0,0,0.5,0,0,0
100100200,0,0,0,0,0,0.406166,0,0.0897878,0.94525
2110012,0,0,0,0,0,1,0,0,0
122011210,0,0,0,0,0,0,0,0,0
100021000,0,0.45125,0.45125,0,0,0,0,0.45125,0.45125
102021001,0,0,0,0,0,0,1,0,0
210011200,0,0,0,1,0,0,0,0,0
110010202,0,0,0,0.855,0,0,0,0,0
10020100,0.45125,0,0.45125,0.45125,0,0.45125,0,0,9.06799e-11
110020102,0,0,0,0,0,0,0,0,0
112020112,0,0,0,0,0,1,0,0,0
10010002,0,0,0,0,0,0,0,0.45125,0
11012002,0,0,0,0,0,0,0,0,0
211012000,0,0,0,0,0,0,0,0,0
211012021,0,0,0,0,0,0,0.5,0,0
11120020,0.475,0,0,0,0,0,0,0,0
11121022,1,0,0,0,0,0,0,0,0
200000101,0,0,0.450798,0.451208,0.000365513,0,0,0.406893,0
2211010,0,0.475,0,0,0,0,0,0,0
110020000,0,0,0.949404,0,0,0,0,0.0746458,0
112121020,0,0,0,0,0,0,1,0,0
110212,0,0,0,0,0,0,0,0,0
201001000,0,0,0,0,0,0,0,0,0
221101000,0,0,0,0,0,0,0,0,0
200110021,0,0,0,0,0,0.474525,0.04275,0,0
210110221,0,0,0,0,0,0.5,0,0,0
1012,0.000884541,0.373261,0,0.4512,0.45125,0,7.31026e-08,0,0
11212,0,0,0,0,0,0,0,0,0
201011212,0,0,0,1,0,0,0,0,0
210110020,0,0,0,0,0,0.475,0,0,0
100020001,0,0.45125,4.43126e-05,0.45125,0,0.45125,9.06375e-09,0.45125,0
100020211,0,0,0,0,0,0.95,0,0,0
101220211,0,0,0,0,0,1,0,0,0
21010000,0,0,0,0,0,0,0,0,0
212011000,0,0,0,0,0,0,0,0,0
212011021,0,0,0,0.5,0,0,0,0,0
20010010,0.45125,0,0.45125,0,0,0,0.451205,0,0.451241
22010011,1,0,0,0,0,0,0,0,0
22110211,1,0,0,0,0,0,0,0,0
200000011,0,0,0.009405,7.31026e-08,0,0.407181,0.945824,0,0
220001011,0,0,1,0,0,0,0,0,0
12100201,0.000855001,0,0,0,1,0,0,0,0
12112201,0,0,0,0,0,0,0,0,0
120001102,0,0,0,0.474995,0,0,0,0,0
201001012,0,0,0,0.95,0,0,0,0,0
211201012,0,0,0,0,0,0,1,0,0
1201,0,0,0,0,0,0,0,0,0
20101201,0,0,0,0,0.855,0,0,0,0
120101221,0,0,0,0,1,0,0,0,0
20110210,0,0,0,0,0,0.475,0,0,0
21112210,0.5,0,0,0,0,0,0,0,0.5
1122100,0.475,0,0,0,0,0,0,0,0
110012200,0,0,0,0,0,0,0,0,0
101002,0.00823921,0,0,0,0.902504,0,0,0,0
10210,0,0.45125,0,0,0,0,0,0,0
200010211,0,0,0,1,0,0,0,0,0
20110120,0,0,0,0,0,0,0,0,0
112010200,0,0,0,0,0,0,0,0,0
112110220,0,0,0,0,0,0,0,0,1
10020112,0,0,0,0,0,0.95,0,0,0
10122112,0,0,1,0,0,0,0,0,0
21210010,0.855,0,0,0,0,0,0,0,0
211000102,0,0,0,0,1,0,0,0,0
100000120,0,0,0,0,0,0,0,0,0
102010120,0,0,0,0,0,0,0,0,0
100020121,0,0,0.47025,0.95,0,0,0,0,0
102201001,0,0,0,0,0.475047,0,0,0,0
110220001,0,0,0,0,0,1,0,0,0
201211000,0,0,0,0,0,0,1,0,0
202110100,0,0,0,0,0,0.95,0,0,0
202112101,0,1,0,0,0,0,0,0.5,0
112120021,0,0,0,0,0,0,1,0,0
2101102,0,0,0,0,0,0,0,0,0
20000011,0,0,0,0,0,0,0.451254,0,0
21020011,0,0,0,0,0,0,0,0,0
201211012,0,0,0,0,0,0,1,0,0
200011,0.940501,0,0,0,0,0,0,0,0
221011,0,0,0,0,0,0,0,0,0
12211,0,0,0,0,0,0,0,0,0
21012211,0.5,0,0,0,0,0,0,0,0
1200100,0,0,0,0,0.816525,0,0,0,0
11202100,0,0,0,0,0,0,0,0,0
10021,0.853146,0,0,0,0,0,0,0,0
100012120,0,0,0,0,0,0,0,0,0
210002011,0,0,0,0,0,0,0.9063,0,0
210020011,0,0,0,0,0,0,0.855,0,0
211220011,0,0,0,0,0,1,0,0,0
210000010,0,0,0,9.40501e-06,0.943545,0,0,0,0
1020001,0,0,0,0,0,0.45125,0,0,0
200100010,0,0.456233,0.878131,0,0.46303,0.405719,0.0812249,0,0.000304808
200120110,0,0,0,0,0,0,0,0,1
110022010,0,0,0.949991,0,0,0,0,0,0
10012,0,0.45125,0,0,0,0,0,0,0
20110012,8.55003e-14,0,0,0,0,0.475,0,0,0
110012020,0,0,0,0,0,0,0,0,0.855
2012101,0.522025,0,0,0,0,0,0,0,0
201200011,0,0,0,0,0,0,1,0,0
10021000,0.45125,0,0.45125,0.451205,0,0,0,0.45125,0.45125
11221000,0.9405,0,0,0,0,0,0,0,0
120011122,0,0,0,0,0,0,0,0,0
100110220,0,0,0,0,0,0,0,0,1
100200112,0,0,0,0,0.94905,0,0,0,0
101220112,0,0,0,0,0,1,0,0,0
201001,0,0,0.45125,0,0,0,0,0,0
221101,0,0,0,0,0,0,0,0,0
101020201,0,0,0,0,0,0,0,0,0
11021020,0.9405,0,0,0,0,0,0,0,0
11121220,0,0,0,0,0,0,0,0,1
120002011,0,0,0,0,0,0,0,0,0
110001220,0,0,0,0,0,0,0,0,1
110021221,0,0,1,0,0,0,0,0,0
2201011,0,0,0,0,0,0,0.949905,0,0
20211001,0,0,0,0,0,0,0,0,0
121020001,0,0,0,0,0,0,0,1,0
121012,0,0.4275,0,0,0,0,0.95,0,0
100121212,0,0.5,1,0,0,0,0,0,0
212012101,0,0,0,0,0,0,0,0.5,0
211020121,0,0,0,0,0,0.5,0,0,0
210112021,0,0,0.5,0,0,0,0.5,0,0
201012001,0,0,0,0,0,0,0.902923,0,0
201012211,0,0.5,0,1,0,0,0,0,0
10102000,0.45125,0,0,0,0,0,0.446737,0,0
110102020,0,0,0,0,0,0,0,0,0
112022011,0,0,0,1,0,0,0,0,0
101002012,0,0,0,0,0,0,0,0,0
1100122,0.855,0,0,0,0,0,0,0,0
20201101,0,0,0,0,0,0,0,0,0
20211121,0,0,0,0,0,0,0,0,0
211000000,0,0,0,0.804136,0.460572,0.365512,0.451012,0.492102,8.55001e-05
211001200,0,0,0,1,0,0,0,0,0
112100020,0,0,0,0,0,0,0.949905,0,0
121020211,0,0,0,0,0,0.5,0,0,0
200012101,0,0,0.89775,0,0,0,0,0,0
12021001,0.47975,0,0,0.4275,0,0,1,0,0
212121001,0,0,0,0,0,0,1,0,0
212102011,0,0,0,0,0,0,0,0,0
110021002,0,0,0.475,0,0,0,0,8.55003e-18,0
112021102,0,0,0,0.5,0,0,0,0,0
110002102,0,0,1,0,0,0,0,0,0
10201,0.95,0,0,0,0,0,0,0,0
100002112,0,0,0,0.855,0,0,0,0,0
101202112,0,0,0,0,1,0,0,0,0
201011020,0,0,0,0,0,0,0,0,0
2110021,0,0,0,0,0,0,0,0,0
200001010,0,0,0.95,0,0.0885271,0,0,0,0.0906531
210021010,0,0,0,0,0,0,0.95,0,0
212021110,0,0,0,0,0,0,0,0,1
101220100,0,0,0,0,0,1,0,0,0
101000002,0,0,0,0,0,0,0,0,0
101020012,0,0.475,0,0,0,8.55002e-09,0,0,0
121021012,0,0,0,0.5,0,0,0.5,0,0
121000,0.499969,0,0,0,0,0,0,0.459263,0.94525
210121000,0,0,0.95,0,0,0,0.0949991,0.479313,0
210121120,0,0,0,0,0,0,0,0,1
1021120,0,1,0,0,0,0,0,0,0
121200100,0,0,0,0,0.94952,0,0,0,0
102000010,0,0,0,0,0,0.9405,0.0855855,0,0.0949905
102020110,0,0,0,0,0,0,0,0,0
120012100,0,0,0,0,0,0,0,0,0
120212110,0,0,0,0,0,0,0,0,0
200201101,0,0,0.47025,0,0,0,0,0.474952,0
200211121,0,0,0.5,0,0,0,0,0,0
201100102,0,0,0,0,1,0,0,0,0
102000112,0,0,0,0.479322,0,1,0,0,0
112200112,0,0,0,0,0,1,0,0,0
2011201,0,0,0,0,0,0,0,0,0
20100211,0,0,0.95,0,0,0,0,0,0
20121211,0,0,1,0,0,0,0,0,0
102200011,0,0,0,0,0.855,0,0,0,0
120010120,0,0,0,0,0,0,0,0,0
202011211,0,0,0,1,0,0,0,0,0
210112,0,0,0,0,0,0,0,0,0
211021,0,0,0,0,0,0,0,0,0
102011200,0,0,0,0,0,0,0,0,0
21010,9.05158e-34,9.01688e-13,0.45125,0,0,0,0.45125,0,0.45125
100021012,0,0.475,0.475,0.475,0,0,0.475,0,0
100221112,0,0.5,0.5,0,0,0,0,0,0
201010012,0,0,0,0,0,0,0,0,0
201112012,0,0,0,0,0,0,0,0,0
112000210,0,0,0,0,1,0,0,0,0
11020120,0.475,0,0,0,0,0,0,0,0
110200,0,0,0,0,0,0.45125,0,0,0
1200010,0,0,0,0,0,0.855,0,0,0.000731025
101200210,0,4.74526e-13,0,0,9.49052e-12,0,0,0,0
121201210,0,0,0,0,0,0,0,0,0.5
122001100,0,0,0,0.475,0,0,0,0,0
122021101,0,0,0,0,0,0,0,1,0
110021020,0,0,0.475,0,0,0,0,0,0
2100112,0.95,0,0,0,0,0,0,0,0
112201,0.475,0,0,0,0,0,0,0,0
21112201,0.5,0,0,0,0,0,0,0,0
210000121,0,0,0.474952,0.004275,0.475,0.474525,0,0,0
210201121,0,0,0.5,0,0,0,0,0,0
20012101,0,0,0,0,0,0,0,0,0
211112020,0,0,0,0,0,0,0.5,0,0
12001000,7.40682e-05,0,0,0.451246,0.45125,0,0,0.450352,0
12011002,0,0,0,0,0,0,0,0,0
2010211,0,0,0,0,0,0,0,0,0
2112211,0,0,0,0,0,0,0,0,0
20110021,0,0,0,0,0,0,0,0,0
21112021,0,0,0,0,0,0,0,0,0
211011220,0,0,0,0,0,0,0,0,1
101100220,0,0,0,0,0,0,0,0,1
102000001,0,0,0,0,0,0,0,0,0
122000011,0,0,0,0,0,0,0,0,0
102002101,0,0,0,0,0,0,0,0,0
101201212,0,0.5,0,0,0,0,0,0,0
200100001,0,0,0.45125,0,0.45125,0.45125,3.69977e-13,4.02066e-22,0
221100001,0,0,0,0,0,0,0,0,0
102000121,0,0,0,0.47025,0,0,0,0,0
21000121,0,0,0,0,1,0,0,0,0
121002121,0,0,0,0,1,0,0,0,0
110212120,0,0,0,0,0,0,0,0,0
201120100,0,0,0,0,0,0,0,0,1
201122110,0,0,0,0,0,0,0,0,1
10212100,0,0,0,0,0,0,0,0,0
101112220,0,0,0,0,0,0,0,0,1
101020102,0,0,0,0,0,0,0,0,0
100002100,0,0,0,0,0.855,0,0,0,0
202100101,0,0,0,0,0,0,0,0.949905,0
202110121,0,1,0,0,0,0,0,0,0
200100100,0,0,0.45125,0,0.45125,0.402064,0,0,0
200102101,0,0,0,0,0,0,0,0.475,0
201122101,0,0,0,0,0,0,0,0.5,0
101201002,0,0.475,0,0,0,0,0,0,0
101201122,0,0,0,0,0,0,0,0,0
200210110,0,0,0,0,0,0,0,0,0
112021000,0,0,0,0,0,0,1,0,0
11022112,0,0,0,1,0,0,0,0,0
12121,0,0,0,0,0,0,0,0,0
110022100,0,0,0,1,0,0,0,0,0
1210021,0,0,0,0,0,0,0,0,0
202010110,0,1,0,0,0,0,0,0,0
202112110,0,0,0,0,0,0,0,0,1
110000221,0,0,0.855,0,0,0,0,0,0
102001012,0,0.475,0,0.475,0.475,0,0,0,0
102121012,0,0,0,0,0,0,1,0,0
210010021,0,0,0.474525,0.475,0,0.474995,0.4275,0,0
212010121,0,0,0,0.5,0,0.5,0,0,0
212001010,0,0,0,0.09405,0.94905,0,0,0,0
212201011,0,0,0,0,0,0,1,0,0
11022001,0,0,0,1,0,0,0,0,0
2001001,0.446368,0.0855,0,0.00884541,0.45125,0,0,0,0
212021011,0,0,0,0,0,0,1,0,0
120000121,0,0,0,0,1,0,0,0,0
20010211,0.95,0,0,0,0,0,0,0,0
102021100,0,0,0,0.475,0,0,0,0,0
220110112,0,0,1,0,0,0,0,0,0
1020010,0.406179,0,0,0.45125,0,0.45125,0.45125,0,0.451201
211001020,0,0,0,0,0.94905,0,0.0855,0,0
211201120,0,0,0,0,0,0,0,0,0
100000021,0,0,0,0,0.812169,0,0,0,0
101200021,0,0,0,0,0,0,0,0,0
21120211,0,0,0,0,0,0.5,0,0,0
102110020,0,0,0,0,0,0,0,0,0.855
112110022,0,0,0,0,0,1,0,0,0
11002120,0.475,0,0,0,0,0,0,0,0
200120011,0,0,0,0,0,0,0.475,0,0
200121211,0,0,1,0,0,0,0,0,0
1210,0.907207,0.367066,0,4.06527e-07,0.45125,0,0,0,0
201001210,0,0.094905,0,0,0,0,0,0,0.95
221011210,0,0,0,1,0,0,0,0,0
212101102,0,0,0,0,1,0,0,0,0
112010020,0,0,0,0,0,0,0,0,0.95
112211020,0,0,0,0,0,0,0,0,0.5
112120,0,0,0,0,0,0,0,0,0
211001002,0,0,0,0,0,0,0.949991,0,0
211011022,0,0,0,0,0,0,1,0,0
201120010,0,0,0,0,0,0,0,0,1
221120110,0,0,0,0,0,0,0,0,1
10000210,0,0,0,0,0.949995,0,0,0,0
201201100,0,0,0,0,0,0,0,0,0.9405
10021012,0,0,0,0,0,0,0.95,0,0
110021212,0,0,1,0,0,0,0,0,0
210102001,0,0,0,0,0.474525,0,0.475,0.474952,0
210102211,0,0,0,0,0.5,0,0,0,0
102121000,0,0,0,0,0,0,1,0,0
112121002,0,0,0,0,0,0,1,0,0
2100001,0,0,0,0,0,0,0,0.438615,0
101002120,0,0.94905,0,0,0,0,0,0,0
211102000,0,0,0,0,0.95,0,0,0.4275,0
100001020,0,0,0.146205,0,0.535694,0,0,0,0
100001122,0,0,0,0,0,0,0,0,0
100211002,0,0.475,0,0,0,0,0.0949905,0,0
110211202,0,0,0,0,0,0,0,1,0
200110012,0,0.000855001,0,0,0,0.855,0,0,0
210120001,0,0,0.475,0,0,0.475,0.475,0.475,0
101212012,0,0,0,0,0,0,0,0,0
200010112,0,0,0,0,0,0,0,0,0
200211112,0,0,0,0,0,0,0,0,0
201121000,0,0,0,0,0,0,0,0,1
12201100,0,0,0,0,0.47025,0,0,0.475,0.474525
112201120,0,0,0,0,0.5,0,0,0,0.5
100102000,0,0,0,0,0,0,0.45125,0,0
21010201,0,0,0,0,0,0,0,0,0
21001,0,0,0.45125,0,0,0,0,0,0
112000,0.446693,0.406125,0.901525,0,0,0,0.451692,0,0.446737
100011220,0,0,0,0,0,0,0,0,1
20010112,0,0,0.95,0,0,0,0,0,0
122010112,0,0,0,0,0,1,0,0,0
121022011,0,0,0,0,0,0,0.5,0,0
210121210,0,0,1,0,0,0,0,0,0
110002,0,0,0,0,0,0.45125,0,0,0
102100021,0,0,0,0,0,0,0.855,0,0
112100221,0,0,0,0,1,0,0,0,0
1011202,0,0,0,0,0,0,0,1,0
21020110,0,0,0,0,0,0,0,0,0.475
110200012,0,0,0,0,0.4275,0.855,0,0,0
110220112,0,0,0.5,0,0,1,0,0,0
10100200,0,0,0,0,0.462735,0,0,0,0.94953
10121200,0,0,1,0,0,0,0,0,0
211120120,0,0,0,0,0,0,0,0,1
110122,0,0,0,0,0,0,0,0,0
210110122,0,0,0,0,0,0,0,0,0
121000201,0,0,0,0,0,0,0,0,0
121002211,0,0,0,0,0.5,0,0,0,0
10102,0,0,0.45125,0,0,0,0,0,0
100201000,0,0,0.45125,0,0,0,4.06127e-20,0,0.45125
101201200,0,0,0,0,0,0,0,0,0.855
101211202,0,0,0,0,0,0,0,1,0
210010201,0,0,0,1,0,0,0,0,0
10220101,0,0,0,0,0,1,0,0,0
10000201,0.853764,0,9.7389e-09,9.02981e-39,0,4.46741e-38,0,5.24339e-28,0
10012201,0,0,0,0,0,0,0,0,0
210112201,0,0,0,0,0,0,0,0.5,0
11020201,0,0,0,0,0,0,0,0,0
1220011,0,0,0,0,0,1,0,0,0
201112,0,0.4275,0,0,0.90288,0,0,0,0
120201112,0,0,0.5,0,0.5,0,0,0,0
1020211,0,0,0,0,0,0.949573,0,0,0
101022211,0,0,0,1,0,0,0,0,0
121220110,0,0,0,0,0,1,0,0,0.5
12000010,0.000804128,0,0,0,0.902505,0,0,0,0
12200011,0,0,0,0,0,0,0,0,0
200201011,0,0,0,0,0,0,1,0,0
2112100,0.95,0,0,0,0,0,0,0,0
11022010,0,0,0,1,0,0,0,0,0
110200021,0,0,0.4275,0,0,0,0,0,0
200021101,0,0,0,0,0,0,0,0,0
210021121,0,0,0.5,0,0,0,0,0,0
11220001,0,0,0,0,0,1,0,0,0
110221021,0,0,0,0,0,0,0,0,0
101001220,0,0,0,0,0,0,0,0,1
2101000,0,0,0,0,0.90173,0,0,0,0
202101112,0,1,0,0,0,0,0,0,0
100221001,0,0,0.475,0,0,0,0,0,0
102100,0.902418,0,0,0,0,0,0,4.51246e-05,0
20112121,0,0,0,0,0,0,0,0,0
102100201,0,0,0,0,0,0.855,0,0,0
112102201,0,0,0,0,1,0,0,0,0
221101120,0,0,0,0,1,0,0,0,0
2110,0,0,0,0,0,0,0,0,0.86231
1002112,0,0,0,0,0.855,0,0,0,0
21102112,0,0,0,0,0,0,0,0,0
20101,4.51242e-06,0,0,0,0,0,0,0.45125,0
212101201,0,0,0,0,1,0,0,0,0
200010001,0,9.49051e-05,0.402064,0.0949867,0,0.00807783,0.447166,0.45085,0
12021100,0.475,0,0,0.47072,0,0,0,0.475,0.475
12221110,0,0,0,0,0,0,0,0,0.5
2110201,0,0,0,0,0,0,0,0,0
101002021,0,0.855,0,0,0,0,0,0,0
101122021,0,1,0,0,0,0,0,0,0
112221001,0,0,0,0,0,0,1,0,0
110112022,0,0,0,0,0,0,1,0,0
210000001,0,0,0.0451254,4.56531e-06,0.45125,0.451249,0.45125,0.45125,0
210100021,0,0,0.475,0,0.4275,0,0,0,0
211,0.0902929,0.0885345,0,0,0.949529,0.0402064,0,0,0
120000010,0,0,0.45125,4.50435e-24,0.45125,4.51251e-11,0.450806,0,0.45125
121000012,0,0,0,0.474525,0,0,0.4275,0,0
121210012,0,0,0,0,0,0,0.5,0,0
210000100,0,0,4.09377e-33,4.51251e-08,0.45125,0,0,0.45125,8.54792e-44
210021100,0,0,0,0,0,0,0,0.4788,1
210221110,0,0,0,0,0,0,0,0,1
201000211,0,0,0,1,0,0,0,0,0
221001010,0,0,0,0,0,0,0,0,0
221121010,0,0,0,0,0,0,0,0,1
11200,0,0,0,0.945724,0,0,0,0,0
100100020,0,0,0,0,0,0,0,0,0.855
101100022,0,0,0,0,0,0,1,0,0
100201210,0,4.27502e-20,0,0,0,0,0,0,0
102211210,0,0,0,0,0,0,0,0,0
101102020,0,0,0,0,0,0,0,0,0
121102021,0,0,0,0,1,0,0,0,0
1021210,0,0,0,0,0,0,0,0,0.475
21100,0,0.45125,0.45125,0,0,0,0,0.45125,0.45125
210001102,0,0,0,0,1,0,0,0,0
211011202,0,0,0,1,0,0,0,0,0
1202101,0,0,0,0,1,0,0,0,0
110121022,0,0,0,0,0,0,1,0,0
121001002,0,0,0,0.4275,0.4275,0,0.4275,0,0
121011022,0,0,0,0,0,0,0,0,0
1120210,0.475,0.475,0,0,0,0.475,0,0,0.475
11120212,1,0,0,0,0,0,0,0,0
200001100,0,0.174771,0.501125,0.406125,0.158612,0,0,0,7.31026e-07
200001112,0,0.94905,0.0855,0,0,0,0,0,0
212001112,0,0,0,0,1,0,0,0,0
1121212,1,0.5,0,0,0,0,0,0,0
101000221,0,0,0,0,0,0,0,0,0
202010011,0,1,0,0,0,0,0,0,0
2011102,0,0,0,0.475,0,0,0,0,0
100121200,0,0.4275,1,0,0,0,0,0,0
120121210,0,0,1,0,0,0,0,0,0.5
120001,0.45125,0.45125,0,0,0,4.51253e-31,0.45125,0.45125,0
100120201,0,0,1,0,0,0,0,0,0
20210011,0,0,0,0,0,0,0,0,0
121201012,0,0,0,0,0.5,0,0.5,0,0
101021212,0,0.5,0,0,0,0,0,0,0
211020211,0,0,0,1,0,0,0,0,0
100200010,0,0.438615,0.0365513,0,0.365512,0,0,0,0
121200010,0,0,0,0,0.09405,0,0.475,0,0.474525
121200112,0,0,0,0,0.5,0,0,0,0
212000101,0,0,0,0,0.474525,0,0,0.474952,0
212210101,0,0,0,0,0,0,0,0.5,0
211000201,0,0,0,0,0,0.949572,0,0.4275,0
211102201,0,0,0,0,0.5,0,0,0.5,0
100000210,0,0.45125,8.55008e-39,9.01681e-12,0.45125,7.76156e-35,0,0,0
101221012,0,0.5,0,0,0,0,0,0,0
211001122,0,0,0,0,1,0,0,0,0
21110221,0,0,0,0,0,0,0,0,0
1010200,0.45125,0,0,0,0,0,0,0,0.45125
1010221,0,0,0,0,0,0,0,0,0
201010201,0,0,0,1,0,0,0,0,0
2001100,0.45125,0.45116,0,0.451247,0.451205,0,0,0.451245,0
122211100,0,0,0,0,0,0,0,0,0.5
201110200,0,0,0,0,0,0.475,0,0,0
211110202,0,0,0,0,0,0,0,1,0
112120000,0,0,0,0,0,0,1,0,0
201011002,0,0,0,0,0,0,0,0,0
210120010,0,0,0,0,0,0.09405,0,0,1
211122010,0,0,0,0,0,0,0,0,1
101200,0,0,0,0,0.948185,0,0,0,0
101201020,0,0,0,0,0,0,0,0,0
110100220,0,0,0.855,0,0,0,0,0,0
211120210,0,0,0,0,0,0,0,0,1
1012021,0,0,0,0,0,0,0,0,0
101120212,0,0.5,0,0,0,0,0,0,0
211000012,0,0,0,0,1,0,0,0,0
211001212,0,0,0,0,1,0,0,0,0
212000110,0,0,0,0,0,0,0,0,0
102101020,0,0,0,0,0.9405,0,0,0,0
200001211,0,0,0,1,0,0,0,0,0
1000210,0.45125,0.451197,0,0.0455735,0.45125,0.451238,0,0,0
211000210,0,0,0,0,0.95,0,0,0,0
200110210,0,0,0,0,0,0,0,0,0
120001000,0,0,0.365512,0,0.941231,0,0.0731025,0,0
120011020,0,0,0,0,0,0,0,0,0
112221100,0,0,0,0,0,0,0,0.5,0.5
10120201,0,0,1,0,0,0,0,0,0
100100002,0,0,0,0,0.000811438,0,0.9025,0.0855,0
101122012,0,0,0,0,0,0,0,0,0
200101000,0,0,0,0,0.9025,0,0,0.365512,0
200101120,0,0,0,0,0.4275,0,0,0,0
200112121,0,0,0.5,0,0,0,0,0,0
110120002,0,0,0,0,0,0,0,0,0
200010010,0,0.949506,0,0,0,0,0.451291,0,0
112020121,0,0,0,0.5,0,0,0,0,0
110010022,0,0,0,0,0,0,1,0,0
110211022,0,0,0,0,0,0,1,0,0
201102100,0,0,0,0,0,0,0,0,0.949991
201102112,0,0,0,0,1,0,0,0,0
102121021,0,1,0,0,0,0,0,0,0
121100020,0,0,0,0,1,0.000855001,0,0,0
122201101,0,0,0,0,0,0,0,0,0
10100002,9.40502e-09,0,0.0945254,0,8.12243e-06,0,0.90725,0.000811438,0
11102002,0,0,0,0,0,0,0,0,0
211112002,0,0,0,0,0,0,0,0,0
112100002,0,0,0,0,0,1,0,0,0
11221,0,0,0,0,0,0,0,0,0
201100120,0,0,0,0,0,0,0,0,0
221100121,0,0,0,0,1,0,0,0,0
21010012,0,0,0,0,0,0,0.475,0,0
200210101,0,0,0,0,0,0,0,0,0
210212101,0,0,0,0,0,0,0,0,0
20100100,0.899161,0,0,0,0,0,0,0,0
202101010,0,1,0,0,0,0,0,0,0
212101210,0,0,0,0,1,0,0,0,0
12110002,0,0,0,0,0,1,0,0,0
102020011,0,0,0,0.855,0,0,0,0,0
102221011,0,0,0,0,0,0,1,0,0
200011210,0,0,0,1,0,0,0,0,0
12211102,0,0,0,0,0,0,0,0.5,0
1200211,0,0,0,0,0,0.949905,0,0,0
211010200,0,0,0,0,0,0,0,0.5225,0
211010221,0,0,0,1,0,0,0,0,0
212110201,0,0,0,0,0,0,0,0,0
220011010,0,0,1,0,0,0,0,0,0
221011012,0,0,0,0,0,0,0,0,0
210001201,0,0,0,1,0,0,0,0,0
101221210,0,0,0,0,0,0,0,0,0
200101012,0,0,0,0,1,0,0,0,0
121102,1,0,0,0,0,0,0,0,0
212102101,0,0,0,0,0,0,0,0.5,0
220110211,0,0,1,0,0,0,0,0,0
100201,0,0.45125,0,0,0.45125,0.45125,0,4.51251e-14,0
1100221,0,0.09405,0,0,0,0,0,0,0
121100221,0,0,0,0,1,0,0,0,0
21100000,0,0,0,0,0.824725,0,0.365512,0,0
10022110,0,0,0,1,0,0,0,0,0
21110002,0,0,0,0,0,0,0,0,0
210211021,0,0,0,0,0,0,1,0,0
100021021,0,0,0.95,0,0,0,0,0,0
120021001,0,0,0,0,0,0,0,1,0
120221011,0,0,0,0,0,0,0,0,0
212101000,0,0,0,0,0,0,0,0,0.94905
201102121,0,0,0,0,0.5,0,0,0,0
100200001,0,0.00731025,0,0,0.943963,0.0855,0,0,0
110121202,0,0,1,0,0,0,0,0,0
100121020,0,1,0,0,0,0,0,0,0
100010200,0,0,0,0,0,0,0,0,0.45125
100000201,0,0,0,0,0.949051,0,0,0,0
100001221,0,0,0,0,0.855,0,0,0,0
102101221,0,0,0,0,1,0,0,0,0
100201012,0,0.47025,0.474525,0,0.474995,0,0,0,0
110221012,0,0,0.5,0,0,0,0,0,0
102010210,0,0,0,0,0,0,0,0,0
101212000,0,0,0,0,0,0,0,0,0
200011021,0,0,0,0,0,0,0,0,0
12010201,9.40503e-17,0,0,0,0,0,0,0,0
12110221,0,0,0,0,0,0,0,0,0
220010011,0,0,1,0,0,0,0,0,0
110000002,0,0,0.945254,0,0,0,0,0,0
112001002,0,0,0,0.4275,0.949996,0,0,0,0
112211002,0,0,0,0,0,0,0,0.5,0
110200102,0,0,0.949996,0,0,0,0,0,0
21122110,0,0,0,0,0,0,0,0,0
21102100,0,0,0,0,0,0,0,0,0
100012000,0,0.365512,0,0,0,0,0,0,0
20021110,0,0,0,0,0,0,0,0,0.475
100121221,0,0,1,0,0,0,0,0,0
102000211,0,0,0,0,1,0,0,0,0
101120020,0,1,0,0,0,0,0,0,0
100001002,0,0.451245,0.45125,0.451246,0.45125,0,0.45125,4.51206e-09,0
100101202,0,0,0,0,0.95,0,0,0,0
101121202,0,0,0,0,0,0,0,1,0
112201102,0,0,0,0,0.5,0,0,0.5,0
200100112,0,0,0.95,0,0,0,0,0,0
202110112,0,0,0,0,0,1,0,0,0
2100100,0.89713,0,0,0,0,0,0,0,0
212100100,0,0,0,0,0,0.475,0,0.4275,0
210101002,0,0,0,0,1,0,0,0,0
200011000,0,0,0.450713,0.45125,0,0,0,0.406128,0
200211010,0,0,0,0,0,0,1,0,0
2001112,0.94905,0,0,0,0,0,0,0,0
121200001,0,0,0,0,0,0.855,0,0,0
120201001,0,0,0,0,0,0,0,0,0
120201211,0,0,0,0,0,0,0,0,0
110200201,0,0,0,0,0,0,0,0,0
110202211,0,0,0,0,1,0,0,0,0
120112000,0,0,0,0,0,0,0,0,0.4275
202010101,0,1,0,0,0,0.4275,0,0,0
120010,0.45125,0,7.31029e-23,0,0,7.31028e-20,0.45125,0,0.45125
210120211,0,0,1,0,0,0.5,0,0,0
100021210,0,0,1,0,0,0,0,0,0
100011202,0,0,0,0.949999,0,0,0,0,0
100012012,0,0,1,0,0,0,0,0,0
101012212,0,0.5,0,0,0,0,0,0,0
210101122,0,0,0,0,1,0,0,0,0
102002110,0,0,0,0.855,0,0,0,0,0
100020100,0,0,0,0.45125,0,0,0,0,0
21101200,0,0,0,0,0.4275,0,0,0,0
120000112,0,0,0,0.475,0,0,0,0,0
201011200,0,0,0,1,0,0,0,0,0
212011201,0,0,0,1,0,0,0,0,0
210100201,0,0,0,0,0.475,0.475,0,0,0
100022101,0,0,0,1,0,0,0,0,0
212201101,0,0,0,0,0,0,0,0.5,0
2000110,0,0,0,0,0,0,0,0,0.945133
110100202,0,0,0.95,0,0,0,0,0,0
201100000,0,0,0,0,0.45125,0.45125,0.45125,4.51252e-19,0
201110002,0,0,0,0,0,0,0,0,0
112200121,0,0,0,0,0.5,0,0,0,0
121012012,0,0,0,0,0,0,0.5,0,0
200211001,0,0,0,0,0,0,1,0,0
10020211,0,0,1,0,0,0,0,0,0
102010012,0,0,0,0,0,1,0,0,0
202011100,0,1,0,0.47025,0,0,0,0,0
112020100,0,0,0,0.475428,0,0.855,0,0,0
12000112,0,0,0,0,0,1,0,0,0
201100210,0,0.0047025,0,0,0.475,0.475,0,0,0
201120211,0,0,0,0,0,0.5,0,0,0
210000211,0,0,0,1,0,0,0,0,0
201110221,0,0,0,0,0,0.5,0,0,0
201110212,0,0,0,0,0,0,0,0,0
210100000,0,0,0.451205,0,0.45125,0.45125,0.45125,0.449986,0.00949905
210101020,0,0,0,0,0.475,0,0,0,0
210121021,0,0,0.5,0,0,0,0,0,0
21001210,0,0,0,0,0,0,0,0,0.475
100202011,0,0,0,0,1,0,0,0,0
120001210,0,0,0,0,0.475,0,0,0,0
121021210,0,0,0,0,0,0,0,0,0.5
120121201,0,0,1,0,0,0,0,0,0
200000110,0,0,0,0,0,0,0,0,0
101210200,0,0,0,0,0,0,0,0,0
200120101,0,0,0,0,0,0,0,0.475,0
200121121,0,1,0.5,0,0,0,0,0,0
10000102,8.55002e-13,0,0.44227,7.31911e-06,0.45486,0.901342,0,7.31026e-10,0
12010102,0,0,0,0,0,1,0,0,0
12011122,0,0,0,0.5,0,0,0,0,0
200001001,0,0.0731025,0.90156,0.446656,0.000365513,0,0,0.446774,0
202001101,0,0,0,0.4275,0.4275,0,0,0.945721,0
202112011,0,1,0,0,0,0,0,0,0
10010122,0,0,0.475,0,0,0,0,0,0
110012122,0,0,1,0,0,0,0,0,0
11000212,0,0,0,0,0,0,0,0,0
21110020,0,0,0,0,0,0,0,0,0
221110021,0,0,0,0,0,0,0,0,0
121210,0,0,0,0,0,0,0,0,0.95
212010100,0,0,0,0,0,0,0,0.475,0
212211100,0,0,0,0,0,0,0,0.5,0
1022101,0,0.0855,0,0,0,0,0,0.95,0
121022101,0,0,0,0,0,0,0,1,0
210100102,0,0,0,0,1,0,0,0,0
211210000,0,0,0,0,0,0,1,0,0
202121101,0,1,0,0,0,0,0,0.5,0
11122201,0.5,0,0,0,0,0,0,0,0
102010000,0,0.000365513,0,0,0,0,0,0,0.949906
210020110,0,0,0,0,0,0,0,0,1
102200110,0,0,0,0,0,0,0,0,0.89775
102201112,0,0.5,0,0,0.5,0,0,0,0
1100002,0,0,0,0,0.00365513,0,0.45668,0.898178,0
1101202,0.000940501,0,0,0,0.95,0,0,0,0
211101202,0,0,0,0,0,0,0,1,0
210021001,0,0,0.475,0,0,0,0,0,0
212021101,0,0,0,0,0,0,0,0.5,0
120121012,0,0,0,0,0,0,0.5,0,0
102020101,0,0,0,0,0,0,0,0,0
110020012,0,0,0,0,0,0.949905,0,0,0
210102100,0,0,0.4788,0,0,0,0,0.4275,0.949905
210122101,0,0,0,0,0,0,0,0.5,0
1000012,0.0941355,0.447189,0,4.45926e-05,0.45125,0,0,0,0
21000112,0,0,0,0,0.475,0,0,0,0
100200100,0,0,0,0,0.855,0,0,0,0
10022011,0,0,0,0,0,0,0.95,0,0
122101,0,0,0,0,0,0,0,0,0
221102101,0,0,0,0,0,0,0,0,0
1021,0,0,0,0,0,0,0,0,0
20101021,0,0,0.855,0,0,0,0,0,0
22101121,0,0,0,0,1,0,0,0,0
121202011,0,0,0,0,1,0,0,0,0
20100010,4.59373e-05,0,1.54403e-21,0,0,0,0.451246,0,0.45125
220100011,0,0,1,0,0.0855,0,0,0,0
220121011,0,0,1,0,0,0,0,0,0
201112210,0,0.5,0,0,0,0,0,0,0
122100010,0,0,0,0,0,0,8.55004e-22,0,0
122100211,0,0,0,0,1,0,0,0,0
12011200,0,0,0,0,0,0,0,0,0
12011221,0,0,0,0,0,0,0,0,0
1021000,0,0,0,0,0,0,0,0,0.949166
101021002,0,0.907207,0,0,0,0,0,0,0
120101020,0,0,0,0,1,0,0,0,0
112010002,0,0,0,0.474952,0,1,0,0,0
112201000,0,0,0,0,0.475,0,0,0,0.4275
21000010,4.51702e-05,0,0,0,0,0,0.45125,0,0.450848
101021020,0,1,0,0,0,0,0,0,0
1012012,0,0,0,0,0,0,0,0,0
11002102,0,0,0,0,0,0,0,0,0
21002110,0,0,0,0,0,0,0,0,0
221102110,0,0,0,0,0,0,0,0,0
100010002,0,0.406084,0.0365513,0.405719,0,9.40501e-05,0.906712,0,0
100110202,0,0,0,0,0,0.95,0,0,0
112000000,0,0,0,0,0.455806,0.9405,0,0,0
100100221,0,0,0,0,0,0,0,0,0
200121100,0,0,0,0,0,0,0,0.95,0
201121120,0,0,0,0,0,0,0,0,1
122201011,0,0,0,0,0,0,0,0,0
121121002,0,0,0,0,0,0,0.5,1,0
202211101,0,1,0,0,0,0,0,0,0
110001202,0,0,0.09405,0,0,0,0,1,0
112101202,0,0,0,0,1,0,0,0,0
220100110,0,0,0,0,0,0,0,0,0.95
1022011,0,0,0,1,0,0,0,0,0
220101100,0,0,0,0,0.94905,0,0,0,0
220121110,0,0,0,0,0,0,0,0,1
212100121,0,0,0,0,0.5,0.5,0,0,0
221010010,0,0,0,0,0,0,0.475,0,0
121120201,0,0,0,0,0,0,0,1,0
21211,0,0,1,0,0,0,0,0,0
2101021,0,0,0,0,0.4275,0,0,0,0
2121121,0.5,1,0,0,0,0,0,0,0
10100020,0.45125,0,0.45125,0,0,0,0,0,1.61654e-19
210010102,0,0,0,0,0,0,0,0,0
210001021,0,0,0.475,0,0,0,0,0,0
210101221,0,0,0,0,0,0,0,0,0
212101021,0,0,0,0,0.5,0,0,0,0
21101212,0,0,0,0,0.5,0,0,0,0
21000001,0,0,0,0,0,0.847989,0,0,0
101120221,0,1,0,0,0,0,0,0,0
101021200,0,0,0,0,0,0,0,0,0
211120201,0,0,0,0,0,0.5,0,0,0
200021011,0,0,0,0,0,0,0,0,0
110112202,0,0,1,0,0,0,0,0,0
112020001,0,0,0,0,0,0.0855,1,0,0
112122001,0,0,0,0,0,0,1,0,0
12021010,0,0,0,0,0,0,1,0,0
210120100,0,0,0.475038,0,0,0,0,0,1
212121100,0,0,0,0,0,0,0,0,1
10120102,1,0,0,0,0,0,0,0,0
201120001,0,0,0,0,0,0.475,0,0,0
211120021,0,0,0,0,0,0.5,0,0,0
210211000,0,0,0,0,0,0,1,0,0
211211002,0,0,0,0,0,0,1,0,0
110020210,0,0,1,0,0,0,0,0,0
201010000,0,0,0,0,0,0,0.45125,0,0
110122000,0,0,0,0,0,0,0,0,0
12000100,0,0,0,0.405722,0.45125,4.51107e-08,0,0.45125,0.45125
12002101,0,0,0,0,0,0,0,0,0
201101002,0,0,0,0,1,0,0,0,0
211101022,0,0,0,0,1,0,0,0,0
1201012,0.94905,0,0,0,0.4275,0,0,0,0
101010202,0,0.4275,0,0,0,0,0,1,0
10001020,0.406157,0,0.402064,0,0.442672,0,0.945505,0,0
110000122,0,0,0.855,0,0,0,0,0,0
112010122,0,0,0,0,0,1,0,0,0
20001010,9.4995e-05,0,0.365512,0.402064,0,0,0.45125,0,0.0731025
20021011,0,0,0,0,0,0,0,0,0
101001202,0,0.474995,0,0,0,0,0,1,0
211200010,0,0,0,0,0,0,1,0,0
101210002,0,0,0,0,0,0,0,0,0
200101102,0,0,0,0,1,0,0,0,0
201201112,0,0,0,0,1,0,0,0,0
202011001,0,1,0,0,0,0,0,0,0
221001112,0,0,0,0,1,0,0,0,0
10001122,0,0,0,0,0,0,0,0,0
11201122,0,0,0,0,0,0,0,0,0
202001110,0,1,0,0,0,0,0,0,0
102011020,0,0,0,0,0,0,0,0,0
121011202,0,0,0,0.5,0,0,0,1,0
210122110,0,0,0,0,0,0,0,0,1
11000122,0.855,0,0,0,0,0,0,0,0
211100122,0,0,0,0,1,0,0,0,0
211002112,0,0,0,0,1,0,0,0,0
101220010,0,0.4275,0,0,0,1,0,0,0
121221010,0,0,0,0,0,0,0,0,0.5
10012102,0,0,1,0,0,0,0,0,0
210112102,0,0,1,0,0,0,0,0,0
11200000,0.928102,0,0,0,0,0,0,0,0
101202001,0,0,0,0,1,0,0,0,0
102211000,0,0,0,0,0,0,0,0,0.475
201112021,0,0,0,0,0,0,0.5,0,0
2010001,0.45125,0,0,0,0,0.450311,0,0,0
2012011,0,0.9405,0,0,0,0,0,0,0
22112011,1,0,0,0,0,0,0,0,0
10110022,0,0,0,0,0,0.95,0,0,0
210102121,0,0,0.5,0,0.5,0,0,0,0
101020120,0,1,0,0,0,0,0,0,0
12010000,0,0,0,0,0,0,0,0.45125,0
212110000,0,0,0,0,0,0,0,0.475,0
120100012,0,0,0,0,0.4275,0,0.475,0,0
121100212,0,0,0,0,0.5,0.5,0,0,0
110202112,0,0,0,0,1,0,0,0,0
21011002,0,0,0,0,0,0,0,0,0
101002210,0,0.474995,0,0,0.475,0,0,0,0
101212210,0,0,0,0,0,0,0,0,0
210200110,0,0,0,0,0,0,0,0,0
221110210,0,0,0,0,0,0.5,0,0,0
11020000,0.45125,0,0,0,0,0,0,0,0
210102010,0,0,0,0,0.522072,0,0.474525,0,0
11200201,1,0,0,0,0,0,0,0,0
12010120,0.475,0,0,0.4275,0,0.4275,0,0,0.0089775
120021010,0,0,8.55005e-24,0,0,0,0.475,0,0.475
120021211,0,0,1,0,0,0,0,0,0
101221000,0,0,0,0,0,0,0,0,0
211201,1,0,0,0,0,0,0,0,0
122110,0,0,0,0,0,0,0,0,0
100021120,0,1,0,0.479275,0,0,0,0,0
122011120,0,0,0,0,0,0,0,0,0
100121002,0,0,0,0,0,0,0.95,0,0
200021110,0,0,0,0.0855,0,0,0,0,1
201221110,0,0,0,0,0,0,0,0,1
200011120,0,0,0,0,0,0,0,0,0
210211120,0,0,0.5,0,0,0,0,0,0
11102200,0.474525,0,0,0,0,0,0,0,0
112220101,0,0,0,0,0,1,0,0,0
122011000,0,0,0,0,0,0,0,0,0.4275
122011102,0,0,0,0.5,0,0,0,0,0
121211020,0,0,0,0,0,0,0,0,0
200121010,0,0,0.95,0,0,0,0,0,0
202121110,0,0,0,0,0,0,0,0,1
10000120,0.45125,0,0.0450835,0,0,0.000884541,0,0,0.000899966
21001012,0.000855001,0,0,0,0.475,0,0.4275,0,0
21021112,1,0,0,0,0,0,0,0,0
12102001,0,0,0,0,0,0,0,0,0
112102021,0,0,0,0,0,0,0,0,0
220100101,0,0,0,0,0,0,0,0.855,0
220101121,0,0,1,0,0,0,0,0,0
10100212,0,0,0,0,0.95,0,0,0,0
11112022,0,0,0,0,0,0,1,0,0
100012210,0,0,0,0,0,0,0,0,0
20001112,0,0,0.09063,0.4275,0,0,0,0,0
120021112,0,0,0,0.5,0,0,0,0,0
211200001,0,0,0,0,0,0.9405,0,0,0
211212001,0,0,0,0,0,0,1,0,0
20101210,0,0,0,0,0.475,0,0,0,0
102000100,0,0,0,0,0,0,0,0,0
112220110,0,0,0,0,0,1,0,0,0
110000212,0,0,0,0,0,0,0,0,0
122010100,0,0,0,0,0,0,0,0,0
2021011,0,0,0,0,0,0,1,0,0
202121011,0,1,0,0,0,0,0,0,0
220112101,0,0,0,0,0,0,0,0,0
20121010,0,0,0,0,0,0,0.949991,0,0.4275
11000200,0.898887,0,0,0,0,0,0,0,0
211100200,0,0,0,0,0,0,0,0,0.95
211020100,0,0,0,0,0,0,0,0,1
2121001,0,0.95,0,0,0,0,0,0,0
22121011,0,0,0,0,0,0,1,0,0
120112,1,0,0,0,0,0,0,0,0
220011121,0,0,1,0,0,0,0,0,0
212001121,0,0,0,0.5,0.5,0,0,0,0
12201211,0,0,0,0,1,0,0,0,0
22010110,0,0,0,0,0,0,0,0,0.52155
102221101,0,0,0,0,0,0,0,0.5,0
11002210,0,0,0,0,0,0,0,0,0
211102210,0,0,0,0,0.5,0,0,0,0
102211102,0,0.5,0,0,0,0,0,0.5,0
20100001,0,0,0,0,0.855855,0,0,0.00731025,0
120100021,0,0,0,0,0,0,0.855,0,0
100020010,0,0.451246,0,0.45125,0,0.45125,0.45125,0,0.45125
110220010,0,0,0,0,0,1,0,0,0
10001200,0.0988475,0,0,0,0,0,0,0.949143,0.0978163
110201002,0,0,0.475,0,0,0,0,0,0
110221102,0,0,0.5,0,0,0,0,0,0
101122210,0,0.5,0,0,0,0,0,0,0
12201001,0.4275,0,0,0,0,0,0.95,0.4275,0
200010121,0,0,0.949477,0,0,0,0,0,0
110221120,0,0,0.5,0,0,0,0,0,0
21101020,0,0,0,0,1,0,0,0,0
100220011,0,0,0,0,0,0,0.95,0,0
121002112,0,0,0,0,0,0,0,0,0
101022121,0,0,0,1,0,0,0,0,0
102021010,0,9.40501e-05,0,0.4275,0,0,0,0,0.475
20120110,0,0,0,0,0,0,0,0,0
210001000,0,0,0.000891851,0,0.452105,0,0.902308,0.486903,0.000891851
121112002,0,0,0,0,0,0,0.5,0,0
210200101,0,0,0,0,0,0,0,4.75001e-08,0
110120200,0,0,1,0,0,0,0,0,0
12020011,0,0,0,0,0,0,1,0,0
210001120,0,0,0.47025,0,0.475,0,0,0,0
210011122,0,0,0,0,0,0,0,0,0
210120121,0,0,0.5,0,0,0.5,0,0,0
11102122,0,0,0,0,0,0,0,0,0
210210121,0,0,0.5,0,0,0,0,0,0
112210102,0,0,0,0,0,1,0,0,0
10010221,0.90725,0,0,0,0,0,0,0,0
10122100,0.475,0,0,0,0,0,0,0,0
201100012,0,0,0,0,1,0,0,0,0
221110012,0,0,0,0,0,0,0,0,0
101020000,0,0.45125,0,0,0,0,0,0,0
101121220,0,1,0,0,0,0,0,0,0
221101102,0,0,0,0,0,0,0,0,0
100002001,0,0,0,0,0.86355,0,0,0,0
121002001,0,0,0,0,0.4275,0,0,0.9405,0
122110210,0,0,0,0,0,0,0,0,0
12000211,0,0,0,0,1,0,0,0,0
11200012,0,0,0,0,0,0,0,0,0
1022110,0,0,0,1,0,0,0,0,0
100102021,0,0,0,0,0.9405,0,0,0,0
100101022,0,0,0,0,0.855,0,0,0,0
101121022,0,0,0,0,0,0,1,0,0
20100121,0.855,0,0,0,0,0,0,0,0
121012210,0,0,0,0,0,0,0,0,0.5
10221100,9.40503e-13,0,0.475,0,0,0,0,0,0.475
11221120,0,0,0,0,0,0,0,0,0
210011221,0,0,0,1,0,0,0,0,0
121020112,0,0,0,0.5,0,0,0,0,0
12120010,0,0,0,0,0,0,0,0,0.95
12120112,1,0,0,0,0,0,0,0,0
112020010,0,0,0,0,0,0.95,0,0,0
112022110,0,0,0,0,0,0,0,0,1
2211001,0.95,0,0,0,0,0,0,0,0
100022110,0,0,0,1,0,0,0,0,0
101022112,0,0,0,1,0,0,0,0,0
20001001,0.9405,0,0,0,0,0,0,0,0
121000000,0,0,0,0.840723,0.411554,0,0.450754,0.0087723,0
121012000,0,0,0,0,0,0,0,0,0
110210002,0,0,0.9405,0,0,0,0,0,0
121010200,0,0,0,0,0,0,0,0,0.4275
211020010,0,0,0,0,0,0,0,0,1
100102210,0,0,0.949999,0,0.000855001,0,0,0,0.4275
101102212,0,0.5,0,0,0,0,0,0,0
10001002,0.0936654,0,0,0.405719,0.411089,0,0.878133,0,0
10201012,0,0,0,0,0,0,0.855,0,0
210001012,0,0,0,0,1,0,0,0,0
221101210,0,0,0,0,0,0,0,0,0
101022001,0,0.4275,0,1,0,0,0,0,0
112011220,0,0,0,0,0,0,0,0,1
211021000,0,0,0,0,0,0,0,0,1
10011202,0,0,0,0,0,0,0,1,0
122121010,0,0,0,0,0,0,1,0,0
211110022,0,0,0,0,0,0,1,0,0
110020120,0,0,0,0,0,0,0,0,0
121000102,0,0,0,0,0,0,0,0,0
2011021,0,0,0,0,0,0,0,0,0
12120100,0.475,0,0,0,0,0,0,0,0
110102002,0,0,1,0,0,0,0,0,0
120211,0.47025,0,1,0,0,0.474525,0,0,0
212110102,0,0,0,0,0,1,0,0,0
202011112,0,1,0,0,0,0,0,0,0
121001212,0,0,0,0.5,0.5,0,0,0,0
201000010,0,0,0,0.943963,0.0949991,0.0812315,0.365512,0,0.0949935
122101201,0,0,0,0,1,0,0,0,0
12122101,0,0,0,0,0,0,0,0,0
20012011,0,0,0,0,0,0,0,0,0
121021000,0,0,0,0,0,0,0,1,0
200100121,0,0,0,0,0,0.47025,0,0,0
210102112,0,0,1,0,0,0,0,0,0
121110202,0,0,0,0,0,0.5,0,1,0
211200100,0,0,0,0,0.9405,0,0,0,0
211122001,0,0,0,0,0,0,0.5,0.5,0
11022100,0.95,0,0,0,0,0,0,0,0
211022101,0,0,0,1,0,0,0,0.5,0
211021210,0,0,0,0,0,0,0,0,1
102010,5.3618e-06,0,0.855,0,8.77234e-21,0,0.45125,0,0
200102011,0,0,0,0,0,0,0.475,0,0
120010000,0,0,0,0,0,0,0,0,0.373188
120010012,0,0,0,0.47025,0,0.4275,0,0,0
120210112,0,0,0.5,0,0,0,0,0,0
221011000,0,0,0,0,0,0,0,0,0
100110022,0,0,0,0,0,0,0,0,0
101022010,0,0,0,1,0,0,0,0,0
112220011,0,0,0,0,0,0,1,0,0
100010212,0,0.475,0,0.4275,0,0,0,0,0
120011212,0,0,0,0.5,0,0,0,0,0
100120021,0,0,0,0,0,0,0.95,0,0
110120221,0,0,1,0,0,0,0,0,0
210112000,0,0,0,0,0,0,0,0.475,0
120110002,0,0,0,0,0,0.4275,0,0,0
211220101,0,0,0,0,0,1,0,0,0
112022101,0,0,0,1,0,0,0,0,0
220010110,0,0,1,0,0,0,0,0,0
201021100,0,0,0,0,0,0,0,0,1
221021110,0,0,0,0,0,0,0,0,1
211020001,0,0,0,0,0,0.475,0,0,0
12221101,0,0,0,0,0,0,0,0.5,0
10221112,1,0,0,0,0,0,0,0,0
110220100,0,0,0,0,0,1,0,0,0
20102110,0,0,0,0,0,0,0,0,0
10121002,0,0,0,0,0,0,0.95,0,0
10121122,0,0,0,0,0,0,0,0,0
11200102,0.855,0,0,0,0,0,0,0,0
10120021,0.475,0,0.475,0,0,0,0,0,0
110122021,0,0,0,0,0,0,0,0,0
11220100,0,0,0,0,0,1,0,0,0
21121,0.47025,1,0,0,0,0,0,0,0
102221110,0,0,0,0,0,0,0,0,0.5
10121212,1,0,0,0,0,0,0,0,0
12110020,0,0,0,0,0,0.475,0,0,0
122110012,0,0,0,0,0,1,0,0,0
2010010,0,0.902138,0,0,0,0,0,0,0
2120101,0,0,0,0,0,0,0,0,0
22121101,0,0,0,0,0,0,0,1,0
1102012,0,0,0,0,0,0,0,0,0
211102012,0,0,0,0,1,0,0,0,0
120120001,0,0,0,0,0,0,0,1,0
11120200,0.475,0,0,0,0,0,0,0,0
11120221,0,0,0,0,0,0,0,0,0
112210,0,0.475,0,0,0,0,0,0,0
120112210,0,0,0,0,0,0,0,0,0.5
212211001,0,0,0,0,0,0,1,0,0
10201000,9.40511e-11,0,0.45125,0,0.45125,0,0,0,0.45125
11201020,0,0,0,0,0,0,0,0,0
220011001,0,0,0,0,0,0,0,0.855,0
200211100,0,0,0.475,0,0,0,0,0,0
220101001,0,0,1,0,0,0,0,0,0
20001211,0.949905,0,0,0,0,0,0,0,0
220011211,0,0,1,0,0,0,0,0,0
210021211,0,0,1,0,0,0,0,0,0
11202211,1,0,0,0,0,0,0,0,0
201122011,0,0,0,0,0,0,0.5,0,0
120100210,0,0,0,0,0.945681,0.4275,0,0,0
120102211,0,0,0,0,0.5,0,0,0,0
110201200,0,0,0,0,0,0,0,0,0
210100210,0,0,0,0,0.9405,0,0,0,0
21120001,0,0,0,0,0,0,0,1,0
212001100,0,0,0,0,0.47025,0,0,0.475,9.49051e-06
212101120,0,0,0,0,0.5,0,0,0,0
1122211,0.5,0.5,0,0,0,0,0,0,0
211201000,0,0,0,0,0,0,1,0,0
2211112,0,0.5,0,0,0,0,0,0,0
221012011,0,0,0,0,0,0,0,0,0
112221010,0,0,0,0,0,0,1,0,0
1001200,0,0,0,0,0,0,0,0,0.900618
211121020,0,0,0,0,0,0,0,0,1
220121101,0,0,0,0,0,0,0,1,0
11010022,0,0,0,0,0,0,1,0,0
200101210,0,0,0,0,0.95,0,0,0,0
202101100,0,1,0,0,0,0,0,0,0
121211002,0,0,0,0,0,0,0.5,0,0
120000001,0,0,0,0,0.948687,0,0,0,0
120020101,0,0,0,0.9405,0,0,0,0,0
202011010,0,1,0,0,0,0,0,0,0
110200000,0,0,0,0,0,0,0,0.365512,0
201010,0.945664,0,0.455672,0,0,0,7.31026e-05,0,0.44227
21201010,0,0,0,0,0,0,0,0,0.4275
10210201,1,0,0,0,0,0,0,0,0
102011122,0,0,0,0.5,0,0,0,0,0
11200021,0,0,0,0,0,0,0,0,0
10120012,0,0,0,0,0,0,0.95,0,0
110002021,0,0,0,0,0,0,0,0,0
10112002,0,0,0,0,0,0,0,0.95,0
11000221,0.517745,0,0,0,0,0,0,0,0
120001021,0,0,0,0,1,0,0,0,0
211102,0,0,0.475,0,0,0,0,0,0
200101021,0,0,0,0,0,0,0,0,0
102120001,0,0,0,0,0,0,1,0,0
102210112,0,0.5,0,0,0,0,0,0,0
21110212,0,0,0,0,0,0.5,0,0,0
110201212,0,0,0,0,0,0,0,0,0
2110210,0,0,0,0,0,0,0,0,0
101220001,0,0,0,0,0,1,0,0,0
101020021,0,1,0,0,0,0,0,0,0
10112221,0.5,0,0,0,0,0,0,0,0
211010020,0,0,0,0,0,0,0.475,0,0
12201010,0.00855,0,0,0,0.475,0,0,0,0
210200011,0,0,0,0,0,0,1,0,0
201001120,0,0,0,0,0,0,0,0,0
1211002,0,0,0,0,0,0,0.949948,0,0
202001011,0,1,0,0,0,0,0,0,0
11102212,0,0,0,0,0,0,0,0,0
120102001,0,0,0,0,0,0,0.4275,0,0
200110120,0,0,0.475005,0,0,0.475,0,0,0
211000,0.000731025,7.31026e-06,0.00125782,0,0,0,0.95,0,0.44227
12101122,0,0,0,0,0,0,0,0,0
201010210,0,0,0,1,0,0,0,0,0
210110200,0,0,0,0,0,0,0,0,0
2120110,0,0,0,0,0,0,0,0,0
200001121,0,0.855,0.47025,0.47025,0,0,0,0,0
100010020,0,0,0,0.0731025,0,0,0.86355,0,0
121120000,0,0,0,0,0,0,0,1,0
20120011,0,0,0,0,0,0,0.475,0,0
221120011,0,0,0,0,0,0,0,0,0
10010020,0.446737,0,0.450393,0,0,0,0.855,0,0.00949514
212121010,0,0,0,0,0,0,1,0,0
12120121,0.5,0,0,0,0,0,0,0,0
10120,0.451255,0,0,0,0,0,0,0,0
101012002,0,0,0,0,0,0,0,0,0
121221100,0,0,0,0,0,0,0,1,0
10001221,0,0,0,0,0.855,0,0,0,0
211022110,0,0,0,1,0,0,0,0,0
122001010,0,0,0,0,0,0,0,0,0.4275
122211010,0,0,0,0,0,0,0,0,0.5
2102011,0,0.855,0,0,0,0,0,0,0
120201121,0,0,0,0,1,0,0,0,0
202011121,0,1,0,0.5,0,0,0,0,0
121010002,0,0,0,0.4275,0,0,0,0,0
210121,0,0,0,0,0,0,0,0,0
100202101,0,0,0,0,0,0,0,0,0
101202121,0,0,0,0,0,0,0,0,0
101221,0,0,0,0,0.855,0,0,0,0
21100210,4.27501e-07,0,0,0,0.4275,0.474525,0,0,0.475
1212211,1,0,0,0,0,0,0,0,0
220110010,0,0,1,0,0,0,0,0,0
1011220,0,0,0,0,0,0,0,0,1
1102,0,0,0,0.45125,0.45125,0,0,0,0
221121100,0,0,0,0,0,0,0,1,0
12100120,0.4275,0,0,0,0,0,0,0,0
120020011,0,0,0,0,0,0,0.475,0,0
120120211,0,0,1,0,0,0,0,0,0
101100202,0,0.4275,0,0,0,0.4788,0,1,0
101112202,0,0,0,0,0,0,0,1,0
220010101,0,0,1,0,0,0,0,0,0
22110112,0,0,0,0,0,1,0,0,0
100122211,0,0,1,0,0,0,0,0,0
112000012,0,0,0,0,0.95,0,0,0,0
121020010,0,0,0,0.475,0,0.475,0.475,0,0.475
12200110,0,0,0,0,0.4275,0,0,0,0
121122001,0,0,0,0,0,0,0.5,1,0
112021021,0,0,0,0,0,0,1,0,0
100002010,0,0,0.0731025,0,0.815093,0,0.438615,0,0
112202110,0,0,0,0,1,0,0,0,0
10021120,0.475,0,0.475,0,0,0,0,0,0
21112,1,0,0,0,0,0,0,0,0
2121112,1,0,0,0,0,0,0,0,0
112012000,0,0,0,0,0,0,0,0,1
12001120,0.47025,0,0,0.474525,0.4275,0,0,0,0
12211120,0.5,0,0,0,0,0,0,0,0.5
100102201,0,0,0,0,0.475,0,0,0,0
121102201,0,0,0,0,0.5,0,0,0,0
221100112,0,0,0,0,1,0,0,0,0
100122010,0,0.475,0,0,0,0,0,0,0
220211011,0,0,0,0,0,0,1,0,0
110212000,0,0,0,0,0,0,0,0,0
122021011,0,0,0,0,0,0,1,0,0
120000211,0,0,0,0,0.475,0.47025,0,0,0
112210000,0,0,0,0,0,0,0,0,0
10122211,0.5,0,1,0,0,0,0,0,0
12002110,0,0,0,0,0,0,0,0,1
11020021,0,0,0,0,0,0,0,0,0
102102010,0,0,0,0,0,0,0,0,1
112021012,0,0,0,0,0,0,1,0,0
212201110,0,0,0,0,0,0,0,0,0
21002011,0,0,0,0,0,0,0.4275,0,0
21102211,0.5,0,0,0,0.5,0,0,0,0
12001210,0,0,0,0,1,0,0,0,0
120110020,0,0,0,0,0,0,0,0,0.855
112201021,0,0,0,0,0.5,0,0,0,0
1122001,0.475,0.475,0,0,0,0,0.475,0.475,0
120101200,0,0,0,0,0,0,0,0,0
1100200,0.0450794,0.405719,0,0,0.447594,0.406129,0,0.166848,0.45125
122210110,0,0,0,0,0,0,0,0,0.5
122101012,0,0,0,0,0,0,0,0,0
12100210,0,0,0,0,1,0,0,0,0
20211100,0,0,0.855,0,0,0,0,0,0
110200120,0,0,0.4275,0,0,0,0,0,0
20010001,0.0855,0,0.855,0,0,0,0,0,0
112122010,0,0,0,0,0,0,0,0,1
12211000,0,0,0,0,0,0,0,0.475,0
101221120,0,1,0,0,0,0,0,0,0
121201,0,0,0,0,0,0,0,0.949905,0
120002110,0,0,0,0.855,0,0,0,0,0
210112120,0,0,0.5,0,0,0,0,0,0
110021122,0,0,0,0,0,0,0,0,0
12020110,0,0,0,0,0,0,0,0,0.95
10001212,0,0,0,0,0.855,0,0,0,0
11201212,1,0,0,0,0,0,0,0,0
102010102,0,0,0,0,0,1,0,0,0
10121221,0,0,1,0,0,0,0,0,0
112000021,0,0,0,0.475,0.475,0,0,0,0
112001221,0,0,0,0,1,0,0,0,0
211012201,0,0,0,1,0,0,0,0,0
112012,0,0,1,0,0,0,0,0,0
200112112,0,0,1,0,0,0,0,0,0
11022211,0.5,0,0,1,0,0,0,0,0
102101200,0,0,0,0,1,0,0,0,0
122101021,0,0,0,0,1,0,0,0,0
201020011,0,0,0,0,0,0.4275,0,0,0
11212021,0,0,0,0,0,0,0,0,0
122001121,0,0,0,0,1,0,0,0,0
221100010,0,0,0,0,0,4.75e-05,4.74572e-35,0,0
21200011,0,0,0,0,0,0,0,0,0
21121210,0,0,0,0,0,0,0,0,0.5
201110020,0,0,0,0,0,0,0,0,0
201112201,0,0.5,0,0,0,0,0,0.5,0
12100102,0.95,0,0,0,0,0,0,0,0
211102102,0,0,0,0,1,0,0,0,0
121200211,0,0,0,0,0,0,0,0,0
112000120,0,0,0,0.475,0,0,0,0,0
10112122,0,0,1,0,0,0,0,0,0
22011001,1,0,0,0,0,0,0,0,0
211100221,0,0,0,0,0,0.5,0,0,0
10221001,0,0,0.475,0,0,0,0,0,0
10221211,1,0,0,0,0,0,0,0,0
210110002,0,0,0,0,0,0,0,0,0
121110022,0,0,0,0,0,0,1,0,0
112001122,0,0,0,0.5,0,0,0,0,0
20000110,0,0,0,0,0,0,0,0,0.45125
202100011,0,1,0,0,0,0,0,0,0
121021,0,1,0,0,0,0,0,0,0
10101202,0,0,0,0,0.95,0,0,0,0
121020100,0,0,0,0,0,0,0,1,0.474952
200112100,0,0,0.95,0,0,0,0,0,0
212112100,0,0,0,0,0,0,0,0,1
121120012,0,0,0,0,0,0,0.5,0,0
112002100,0,0,0,0,0,0,0,0,1
12020101,0,0,0,0,0,0,0,0.475,0
202101001,0,0,0,0,0.949991,0,0,0.4275,0
110020021,0,0,0.475,0,0,8.55001e-08,0,0,0
12121012,0,0,0,0,0,0,1,0,0
121201000,0,0,0,0,0,0,0,0,0.47025
202101121,0,1,0,0,0.5,0,0,0,0
121120,0.945725,0,0,0,0,0,0,0,0
212120101,0,0,0,0,0,0,0,0.5,0
110022121,0,0,0,1,0,0,0,0,0
122121001,0,0,0,0,0,0,1,0,0
101120200,0,0.475,0,0,0,0,0,0,0
121120210,0,0,0,0,0,0.5,0,0,0.5
110100022,0,0,0,0,0,0,1,0,0
220110121,0,0,1,0,0,0,0,0,0
121000021,0,0,0,0,0,0.855,0,0,0
112011022,0,0,0,0.5,0,0,1,0,0
22211011,1,0,0,0,0,0,0,0,0
20010121,0,0,0,0,0,0,0,0,0
10200001,0.446729,0,0,0,0.365512,0,0.904979,0,0
102021112,0,0,0,0.5,0,0,0,0,0
221102011,0,0,0,0,0,0,0.5,0,0
10021021,0,0,0,0.4275,0,0,0,0,0
10221121,0,0,0.5,0,0,0,0,0,0
11120002,1,0,0,0,0,0,0,0,0
201020110,0,0,0,0,0,0,0,0,1
120120010,0,0,0,0,0,0,0.475,0,0.47025
122120011,0,0,0,0,0,0,1,0,0
202101211,0,0,0,0,1,0,0,0,0
10101220,0,0,0,0,0.94905,0,0,0,0
102021121,0,1,0,0.5,0,0,0,0,0
10121020,0.4275,0,0,0,0,0,0.855,0,0
12121000,0,0,0,0,0,0,0,0.479698,0.95
12121102,1,0,0,0,0,0,0,0,0
1120,0,0,0,0,0.804127,0,0,0,0
20011120,0,0,0,0,0,0,0,0,0
101122,0,0.855,0,0,0,0,0,0,0
101200120,0,0,0,0,0,0,0,0,0
12012121,0.5,0,0,0,0,0,0,0,0
210100012,0,0,0,0,0,0,0,0,0
220101010,0,0,1,0,0,0,0,0,0
1121002,0,0,0,0,0,0,0,0.95,0
220001110,0,0,1,0,0,0,0,0,0
12120001,0,0,0,0,0,0,1,0,0
1100212,0,0.474952,0,0,0.475,0,0,0,0
1021102,1,0,0,0.4788,0,0,0,0.09405,0
101021122,0,1,0,0,0,0,0,0,0
101122201,0,0.5,0,0,0,0,0,0,0
120201010,0,0,0.4275,0,0,0,0,0,0
120011002,0,0,0,0.4275,0,0,0,0,0
122011012,0,0,0,0.5,0,0,0,0,0
211121200,0,0,0,0,0,0,0,0,1
2021101,0,0,0,0,0,0,0,0.475,0
210211102,0,0,0,0,0,0,0,0,0
201021010,0,0,0,0,0,0,0,0,1
211221010,0,0,0,0,0,0,0,0,1
20121100,0,0,0,0,0,0,0,1,0
102211012,0,0.5,0,0,0,0,0,0,0
221112010,0,0,0,0,0,0,0.5,0,0
101210020,0,0,0,0,0,0,0,0,0.855
101211022,0,0,0,0,0,0,1,0,0
2101120,0,0,0,0,0.474995,0,0,0,0
200011102,0,0,0,0,0,0,0,0,0
211122100,0,0,0,0,0,0,0,0,1
101000020,0,0.0855219,0,0,0,0.811438,0,0,0
220101112,0,0,1,0,0,0,0,0,0
10020121,0.4275,0,0,0.475,0,0.475,0,0,0
121112020,0,0,0,0,0,0,0,0,0
12121120,0.5,0,0,0,0,0,0,0,0
2211100,0,0.475,0,0,0,0,0,0.474525,0
102211120,0,0,0,0,0,0,0,0,0.5
12021121,0.5,0,0,0.5,0,0,0,0,0
1121122,1,0,0,0,0,0,0,0,0
221001100,0,0,0,0,0,0,0,0,0.09405
1122112,1,0,0,0,0,0,0,0,0
211002211,0,0,0,1,0,0,0,0,0
10201201,0,0,0.855,0,0,0,0,0,0
12211201,1,0,0,0,0,0,0,0,0
10122121,0.5,0,0,0,0,0,0,0,0
100120210,0,0,1,0,0,0,0,0,0
1201120,0,0,0,0,0,0,0,0,0
122010010,0,0,0,0,0,0,0,0,0.949905
11100202,0,0,0,0,0,0,0,1,0
100220110,0,0,0,0,0,0,0,0,0.522068
201121210,0,0,0,0,0,0,0,0,1
100021102,0,0,0,0.475,0,0,0,0,0
112201201,0,0,0,0,1,0,0,0,0
21011212,0,0,0,0.5,0,0,0,0,0
110002120,0,0,0,0,0,0,0,0,0
22011211,1,0,0,0,0,0,0,0,0
211120000,0,0,0,0,0,0.479707,0,0.4788,1
20001100,0.855,0,0.365512,0,0,0,0,0,0
1201210,1,0,0,0,0,0,0,0,0.4275
101022100,0,0,0,1,0,0,0,0,0
121220011,0,0,0,0,0,1,0,0,0
20011102,0,0,0,0,0,0,0,0,0
110122012,0,0,1,0,0,0,0,0,0
12000121,0.4275,0,0,0.4275,0,0,0,0,0
112002121,0,0,0,0,0,0,0,0,0
221100211,0,0,0,0,0,0.5,0,0,0
22011112,1,0,0,0.5,0,0,0,0,0
100200121,0,0,0,0,0.855,0,0,0,0
11120122,1,0,0,0,0,0,0,0,0
102110002,0,0,0,0,0,1,0,0,0
211010002,0,0,0,0,0,0,0,0,0
1112002,0,0,0,0,0,0,0.475,0,0
110220121,0,0,0,0,0,1,0,0,0
21122011,0,0,0,0,0,0,0.5,0,0
11200120,0,0,0,0,0,0,0,0,0
1102210,0.4275,0.475,0,0,0.475,0,0,0,0
2100121,0.907155,0,0,0,0,0,0,0,0
211101220,0,0,0,0,0,0,0,0,1
102101002,0,0,0,0,0.855,0,0,0,0
1110022,0,0,0,0,0,0,1,0,0
102201100,0,0.0474953,0,0,0.475,0,0,0.474952,0.474525
212011102,0,0,0,0,0,0,0,0,0
212001211,0,0,0,1,0,0,0,0,0
2010112,0,0.95,0,0,0,0,0,0,0
21212011,0,0,0,0,0,0,0,0,0
112211200,0,0,0,0,0,0,0,0,0
10002121,0.474995,0,0,0.00855,0,0,0,0,0
110202121,0,0,0,0,1,0,0,0,0
21121000,0,0,0,0,0,0,0.4275,0,0.95
210100120,0,0,0.4275,0,0.949995,0,0,0,0
121121200,0,0,0,0,0,0,0,1,0.5
22211110,1,0,0,0,0,0,0,0,0
10200112,0,0,0,0,0.855,0,0,0,0
101020210,0,0.475,0,8.55003e-15,0,0,0,0,0
121010020,0,0,0,0,0,0,0,0,0
121011220,0,0,0,0,0,0,0,0,1
210011020,0,0,0,0.475,0,0,0,0,0
12001102,0,0,0,0.47025,0.475,0,0,0,0
112002010,0,0,0,0,0,0,0.855,0,0
112202011,0,0,0,0,0,0,0,0,0
202211110,0,1,0,0,0,0,0,0,0
22211101,1,0,0,0,0,0,0,0,0
102100012,0,0,0,0,0,1,0,0,0
202100110,0,0,0,0,0,0,0,0,0.94905
12211021,0.5,0,0,0,0,0,0,0,0
121122010,0,0,0,0,0,0,0.5,0,0
201112000,0,0,0,0,0,0,0.475,0,0
1001020,7.31026e-06,0,0,0,0,0,0,0,0.855
22101211,1,0,0,0,0,0,0,0,0
121201102,0,0,0,0,0.5,0,0,0,0
21001000,0,0,0,0,0,0,0,0,0
112000201,0,0,0,0,1,0,0,0,0
112002211,0,0,0,0,1,0,0,0,0
210001210,0,0,0,1,0,0,0,0,0
121101202,0,0,0,0,0.5,0,0,1,0
211112200,0,0,0,0,0,0,0,0.5,0
211210,1,0,0,0,0,0,0,0,0
1112200,0.47025,0.47025,0,0,0,0,0,0.945724,0.43605
20211211,1,0,0,0,0,0,0,0,0
11220121,0,0,0,0,0,1,0,0,0
201101020,0,0,0,0,0,0,0.855,0,0
10021102,1,0,0.474525,0.47025,0,0,0,0,0
100021201,0,0,1,0,0,0,0,0,0
212120110,0,0,0,0,0,0,0,0,1
2121010,0.95,0,0,0,0,0,0,0,0
2201110,0,0,0,0,0,0,0,0,0.475
12110200,0,0,0,0,0,0,0,0,0
1020121,0,0,0,0,0,0.95,0,0,0
102112210,0,0,0,0,0,0,0,0,1
101020,0,0,0,0,0.904694,0,0,0,0
101102200,0,0.475,0,0,0,0,0,0,0.475
212102110,0,0,0,0,0,0,0,0,1
100221121,0,1,0,0,0,0,0,0,0
110121220,0,0,1,0,0,0,0,0,0
112100212,0,0,0,0,1,0,0,0,0
10212121,0,0,0,0,0,0,0,0,0
121021102,0,0,0,0.5,0,0,0,1,0
211021120,0,0,0,0,0,0,0,0,1
11022121,0,0,0,1,0,0,0,0,0
112021120,0,0,0,0.5,0,0,0,0,0
1121020,0,1,0,0,0,0,0,0,0
211211020,0,0,0,0,0,0,1,0,0
120122011,0,0,0,0,0,0,0.5,0,0
11021002,1,0,0,0,0,0,0,0,0
12112021,0.5,0,0,0,0,0,0,0,0
201102211,0,0.5,0,0,0.5,0,0,0,0
211022011,0,0,0,1,0,0,0.5,0,0
220001101,0,0,0,0,0,0,0,0.855,0
1020112,0,0.4275,0,0,0,0.95,0,0,0
12201112,0,0,0,0,0.5,0,0,0,0
221000110,0,0,0,0,0,0,0,0,0
121202110,0,0,0,0,1,0,0,0,0
20120101,0,0,0,0,0,0,0,1,0
11122021,0.5,0,0,0,0,0,0,0,0
221010211,0,0,0,1,0,0,0,0,0
112001200,0,0,0,0,1,0,0,0,0
110022211,0,0,1,0,0,0,0,0,0
221201110,0,0,0,0,0,0,0,0,0
120010210,0,0,0,0.475,0,0,0,0,0.475
120110212,0,0,0,0,0,0.5,0,0,0
1021012,1,0.479322,0,0.47025,0,0,0.474952,0,0
21121012,1,0,0,0,0,0,0,0,0
120012010,0,0,0,0,0,0,0.4275,0,0
122012110,0,0,0,0,0,0,0,0,0
10100221,0,0,0,0,0,0,0,0,0
110102221,0,0,0,0,0,0,0,0,0
11021122,1,0,0,0,0,0,0,0,0
20011210,0,0,0,0.475,0,0,0,0,0
20121001,0,0,0.95,0,0,0,0,0,0
210012121,0,0,0.5,0,0,0,0,0,0
202110010,0,0,0,0,0,0.949905,0,0,0
12011020,0,0,0,0.475,0,0,0,0,0
201102001,0,0,0,0,0.475,0,0.474952,0.474525,0
11221102,1,0,0,0,0,0,0,0,0
122021110,0,0,0,0,0,0,0,0,0
211002001,0,0,0,0,0.9405,0,0,0,0
1211200,1,0,0,0,0,0,0,0,0
121210000,0,0,0,0,0,0,0,0,0
201002101,0,0,0,0,0,0,0,0,0
100221100,0,0.475,0.475,0,0,0,0,0.475,0.475
10220110,0,0,0,0,0,0,0,0,0.95
112102,0,0,1,0,0,0,0,0,0
211002010,0,0,0,0,0.9405,0,0,0,0
212010001,0,0,0,0,0,0.475,0,0.47025,0
21121102,0,0,0,0,0,0,0,1,0
12112,0,0,1,0,0,0,0,0,0
2211211,1,0,0,0,0,0,0,0,0
12121021,0,0,0,0,0,0,1,0,0
102201010,0,0.474995,0,0,0.475,0,0,0,0.475
21120100,0,0,0,0,0,0,0,1,0
102101212,0,0,0,0,1,0,0,0,0
10011220,0,0,0,0,0,0,0,0,1
10002010,0.523414,0,0,0,0.365512,0,0,0,0
120001201,0,0,0,0,0,0,0,0,0
202110001,0,0,0,0,0,0.949905,0,0,0
11100022,0.9405,0,0,0,0,0,0,0,0
121022110,0,0,0,1,0,0,0,0,0
112000102,0,0,0,0,0,1,0,0,0
212000011,0,0,0,0,0,0,0,0,0
11121202,1,0,0,0,0,0,0,0,0
2100010,0.855,8.04128e-06,0,0,0,0,0,0,0
2101201,0,0,0,0,1,0,0,0,0
200011012,0,0,0,0,0,0,0,0,0
200011201,0,0,0,1,0,0,0,0,0
11020210,0.95,0,0,0,0,0,0,0,0
101112022,0,0,0,0,0,0,1,0,0
2001121,0,0.9405,0,0,0,0,0,0,0
22011121,1,0,0,0,0,0,0,0,0
201101212,0,0,0,0,1,0,0,0,0
200121001,0,0,0.949996,0,0,0,0,0,0
10211002,0,0,0,0,0,0,0,0.949991,0
10200211,0,0,0,0,0.949999,0,0,0,0
11220211,0,0,0,0,0,1,0,0,0
11020012,1,0,0,0,0,0,0,0,0
200012011,0,0,0,0,0,0,0,0,0
12221011,0,0,0,0,0,0,1,0,0
21000211,0,0,0,0,0,0.475,0,0,0
211002121,0,0,0,0,0.5,0,0,0,0
10011022,0,0,0,0,0,0,1,0,0
10210102,0,0,0,0,0,0,0,0,0
201101200,0,0,0,0,0,0,0,0,0.94905
12201121,0.5,0,0,0,0,0,0,0,0
2010121,0.855,0,0,0,0,0,0,0,0
101221102,0,0.5,0,0,0,0,0,0,0
1122010,0.475,0,0,0,0,0,0.47025,0,0
2120011,0,0,0,0,0,0,1,0,0
100022011,0,0,0,0,0,0,0.949999,0,0
201102010,0,0.4275,0,0,0.513,0,0.47025,0,0.09405
201002110,0,0,0,0,0,0,0,0,0
112101022,0,0,0,0,0,0,0,0,0
210221101,0,0,0,0,0,0,0,0,0
212001001,0,0,0,0,0,0,0.94905,0,0
210002101,0,0,0,0,0,0,0,0.475,0
112001212,0,0,0,0,0,0,0,0,0
200210011,0,0,0,0,0,0,1,0,0
210210001,0,0,0.855,0,0,0,0,0,0
202211011,0,0,0,0,0,0,1,0,0
1001212,0.94905,0.4275,0,0.4275,0,0,0,0,0
201201010,0,0,0,0,0,0,0,0,0.949905
10110220,0,0,0,0,0,0.4275,0,0,1
120121000,0,0,0,0,0,0,0,1,0
100100212,0,0.4275,0.95,0,0.475475,0.4275,0,0,0
1102201,0.47025,0.474952,0,0,0.4275,0,0,0,0
101102221,0,0,0,0,0,0,0,0,0
110220211,0,0,0,0,0,1,0,0,0
201100,4.51242e-09,0,0.45125,0,0,0,0,0,0.45125
110020201,0,0,1,0,0,0,0,0,0
1120012,1,0.4788,0,0,0,0,0.4275,0,0
200110102,0,0,0,0,0,0,0,0,0
100201102,0,0.47025,0.474525,0,0.475,0,0,0,0
201000121,0,0,0,0,0,0.4275,0,0,0
11010220,0,0,0,0,0,0,0,0,1
211102120,0,0,0,0,0.5,0,0,0,0
1211212,0,0.5,0,0,0,0,0,0,0
21010210,0.475,0,0,0,0,0,0,0,0
11021200,0,0,0,0,0,0,0,0,0
211100020,0,0,0,0,0.4275,0,0,0,0.949905
101001022,0,0,0,0,0,0,1,0,0
12101002,0,0,0,0,0.9405,0,0,0,0
2001211,0.855,0,0,0,0,0,0,0,0
102001201,0,0,0,0.855,0,0,0,0,0
102201211,0,0,0,0,1,0,0,0,0
102212110,0,0,0,0,0,0,0,0,0
100211200,0,0,0,0,0,0,0,0,0.949991
100112200,0,0,0,0,0,0,0,0,0.95
110112220,0,0,0,0,0,0,0,0,1
212101012,0,0,0,0,1,0,0,0,0
221210011,0,0,0,0,0,0,1,0,0
210001,0.855001,0,0,0,0,8.11439e-06,0,0,0
10022101,0,0,0,1,0,0,0,0,0
100220101,0,0,0,0,0,0,0,0.95,0
120200011,0,0,0,0,0,0,0,0,0
120211210,0,0,0,0,0,0,0,0,0.5
20112211,0.5,0,0,0,0,0,0,0,0
112200100,0,0,0,0,0,0,0,0,0.51813
120021100,0,0,0,0,0,0,0,1,0
1101220,0,0,0,0,0,0,0,0,1
120221110,0,0,0,0,0,0,0,0,0.5
1210210,1,0,0,0,0,0,0,0,0
201210001,0,0,0,0,0,0,1,0,0
211012,0,0.474525,0,0,0,0,0,0,0
112021,0.475,0,0,0,0,0,0,0,0
120221101,0,0,0,0,0,0,0,1,0
21211012,0,0,0,0,0,0,0.5,0,0
210020101,0,0,0,0,0,0,0,0.475,0
200112010,0,0.475,0,0,0,0,0,0,0
220112011,0,0,1,0,0,0,0.5,0,0
2210011,0,0,0,0,0,0,0,0,0
11001202,0.9405,0,0,0,0,0,0,0,0
120101002,0,0,0,0,0,0,0.855,0,0
212112001,0,0,0,0,0,0,0,0.5,0
1102000,0.45125,0,0,0,0.45125,0,0.450799,0,0
112100200,0,0,0,0,0,0,0,0,0.94905
112110202,0,0,0,0,0,1,0,0,0
10122001,0.475,0,0,0,0,0,0.475,0,0
11211202,1,0,0,0,0,0,0,0,0
102001102,0,0,0,0.475,0,0,0,0.4275,0
122011,0,0,0,0,0,0,0.855,0,0
12001201,0,0,0,0,1,0,0,0,0
102102211,0,0,0,0,1,0,0,0,0
10201102,0.9405,0,0,0,0,0,0,0,0
10110202,0,0,0,0,0,0,0,1,0
2012110,0,0,0,0,0,0,0,0,0
10122010,0,0,0.855,0,0,0,0,0,0
100112212,0,0,1,0,0,0,0,0,0
200102110,0,0,0,0,0,0,0,0,0.949905
121100002,0,0,0,0,0.4275,0.4275,0.855,0,0
211201102,0,0,0,0,1,0,0,0,0
200110201,0,0,0,0,0,0.47025,0,0.4275,0
1112212,0,0.5,0,0,0,0,0,0,0
2021110,0,0,0,0,0,0,0,0,0.475
102112000,0,0,0,0,0,0,0,0,1
10220011,0,0,0,0,0,0,0.95,0,0
102200101,0,0,0,0,0,0,0,0,0
122000110,0,0,0,0.475,0,0,0,0,0
21221110,0,0,0,0,0,0,0,0,0.5
102122011,0,0,0,0,0,0,1,0,0
20121112,1,0,0,0,0,0,0,0,0
110210020,0,0,0,0,0,0,0,0,0.855
100001212,0,0.47025,0,0,0.475,0,0,0,0
21021010,0,0,0,0,0,0,0,0,0.949956
211200121,0,0,0,0,0,0,0,0,0
102011212,0,0,0,0,0,0,0,0,0
21021100,0,0,0,0,0,0,0,0,0.95
2102101,0,0,0,0,0,0,0,0,0
2112001,0.94905,0,0,0,0,0,0,0,0
11210002,0.855,0,0,0,0,0,0,0,0
121010212,0,0,0,0.5,0,0.5,0,0,0
21101122,0,0,0,0,1,0,0,0,0
120101212,0,0,0,0,0.5,0,0,0,0
100221010,0,0.00475,0.475,0,0,0,0,0,0.474995
210121201,0,0,1,0,0,0,0,0,0
1010212,0,0.475,0,0,0,0,0,0,0
121112200,0,0,0,0,0,0,0,0,0.5
20102101,0,0,0,0,0,0,0,0,0
10002112,0,0,0,0,0.94905,0,0,0,0
110022112,0,0,0,1,0,0,0,0,0
21020101,0,0,0,0,0,0,0,1,0
2112010,0,0.94905,0,0,0,0,0,0,0
10102102,0,0,1,0,0,0,0,0,0
11202010,0,0,0,0,1,0,0,0,0
1220110,0,0,0,0,0,0,0,0,0.95
11220112,0,0,0,0,0,1,0,0,0
201120121,0,1,0,0,0,0.5,0,0,0
11122102,1,0,0,0,0,0,0,0,0
112201012,0,0,0,0,0.5,0,0,0,0
1120120,0,1,0,0,0,0,0,0,0
11020102,1,0,0,0,0,0,0,0,0
211102021,0,0,0,0,0.5,0,0.5,0,0
122201110,0,0,0,0,0,0,0,0,0.5
101000122,0,0,0,0,0,0,0,0,0
1201102,0,0,0,0,0.475,0,0,0,0
210201100,0,0,0,0,0,0,0,0,0
1001122,0,0,0,0,0.9405,0,0,0,0
11102221,0.5,0,0,0,0,0,0,0,0
11211022,0,0,0,0,0,0,1,0,0
101220121,0,1,0,0,0,0,0,0,0
110221000,0,0,0.475,0,0,0,0,0,0
11001220,0,0,0,0,0,0,0,0,1
10112200,0,0,0,0,0,0,0,0.475,0
100112002,0,0.4275,1,0,0,0,0,0,0
110102200,0,0,0.94905,0,0,0,0,0,0
211110220,0,0,0,0,0,0.5,0,0,0
20021101,0,0,0,0,0,0,0,1,0
2101012,0,0,0,0,0.95,0,0,0,0
102001210,0,0,0,0,1,0,0,0,0
2201101,0.475,0,0,0,0,0,0,0.474525,0
22001011,0,0,0,0,0,0,0,0,0
122001211,0,0,0,0,0,0,0,0,0
12012001,0.474525,0,0,0,0,0,0,0,0
201100201,0,0,0,0,0,0.475,0,0.4275,0
12021112,1,0,0,0.5,0,0,0,0,0
100122001,0,0,0,0,0,0,0.475,0,0
1220101,0,0,0,0,0,1,0,0,0
2110000,0,0,0,0,0,0.901662,0,0,0
22011010,0,0,0,0.475,0,0,0,0,0
112112200,0,0,0,0,0,0,0,0,1
112102210,0,0,0,0,0,0,0,0,1
1221100,0,0,0,0,0,0,0,0,0.475
210011002,0,0,0,0,0,0,0,0,0
121102210,0,0,0,0,0.5,0,0,0,0
102001120,0,0,0,0.474568,0,0,0,0,0
1112221,0.5,0,0,0,0,0,0,0,0
11112220,0.5,0,0,0,0,0,0,0,1
2121100,0.855,0,0,0,0,0,0,0,0
102201121,0,0,0,0,0.5,0,0,0,0
1120021,0,1,0,0,0,0.475005,0,0,0
200101201,0,0,0,0,0,0,0,0,0
112101220,0,0,0,0,1,0,0,0,0
100101220,0,0,0,0,0,0,0,0,1
11010202,0,0,0,0,0,0,0,1,0
10102201,0,0,0,0,0.94905,0,0,0,0
10200121,0,0,0,0,0.855,0,0,0,0
11100220,0,0,0,0,0,0,0,0,1
112112020,0,0,0,0,0,0,0,0,1
121000210,0,0,0,0.004275,0.475,0.4275,0,0,0.47025
12102010,0,0,0,0,0.0855,0,0,0,1
122001112,0,0,0,0.5,0,0,0,0,0
211210021,0,0,0,0,0,0,1,0,0
12001021,0.474525,0,0,0.475,0.4275,0,0,0,0
12122011,0,0,0,0,0,0,0,0,0
100221211,0,0,1,0,0,0,0,0,0
102211,0.4275,0.4275,0,0,0.4275,0,0,0,0
121220101,0,0,0,0,0,0,0,1,0
120001012,0,0,0.4275,0.4275,0.4275,0,0,0,0
1101022,0,0,0,0,0,0,1,0,0
20110201,0.855,0,0,0,0,0,0,0,0
122101210,0,0,0,0,0,0,0,0,0
21211210,1,0,0,0,0,0,0,0,0.5
11000020,0.45125,0,0,0,0,0.00365513,0,0,0
10002100,0,0,0,0,0.45125,0,0,0,0
21100201,0,0,0,0,0,0.475,0,0,0
11102020,0.4275,0,0,0,0,0,0,0,0
121210210,0,0,0,0,0,0,0,0,0.5
110221,0.475,0,0,0,0,0,0,0,0
210122011,0,0,0,0,0,0,0.5,0,0
210012100,0,0,0,0,0,0,0,0,0
12100021,0.4275,0,0,0,0.474525,0,0,0,0
10211200,0,0,0,0,0,0,0,0.855,0
11211220,0,0,0,0,0,0,0,0,1
210201112,0,0,0,0,1,0,0,0,0
1221112,1,0,0,0,0,0,0,0,0
2211121,0.5,0,0,0,0,0,0,0,0
211000120,0,0,0,0,0.475,0,0,0,0
212100010,0,0,0,0,0.9405,0,0,0,0
1121200,0,0.4275,0,0,0,0,0,0,0.855
200201110,0,0,0,0,0.855,0,0,0,0
210201010,0,0,0,0,0.9405,0,0,0,0
11201002,0.949905,0,0,0,0,0,0,0,0
122112010,0,0,0,0,0,0,0,0,1
2102110,0,0,0,0,0,0,0,0,1
21112012,0,0,0,0,0,0,0.5,0,0
20101012,0,0,0,0,0.475,0,0,0,0
20100112,0.94905,0,0,0,0,0,0,0,0
21100012,0,0,0,0,0.474525,0,0.475,0,0
101010220,0,0.855,0,0,0,0,0,0,0
11012020,0,0,0,0,0,0,0,0,0
211000021,0,0,0,0,0,0.47025,0,0,0
101210212,0,0.5,0,0,0,0,0,0,0
11200210,1,0,0,0,0,0,0,0,0
12112120,0.5,0,0,0,0,0,0,0,0
210221011,0,0,0,0,0,0,1,0,0
12110122,0,0,0,0,0,1,0,0,0
20112112,0,0,1,0,0,0,0,0,0
112210120,0,0,0,0,0,0,0,0,0.5
12210121,0.5,0,0,0,0,0,0,0,0
120112012,0,0,0,0,0,0,0.5,0,0
11220010,0,0,0,0,0,1,0,0,0
21201112,0,0,0,0,0.5,0,0,0,0
102110212,0,0,0,0,0,1,0,0,0
1221010,0,0,0,0,0,0,0,0,0.475
110002210,0,0,0,0,0,0,0,0,0
1102021,0.4275,0,0,0,0,0,0,0,0
220112110,0,0,1,0,0,0,0,0,0
11122000,0.475,0,0,0,0,0,0,0,0
211220110,0,0,0,0,0,1,0,0,0
10102210,0,0,0,0,0.855,0,0,0,0
22110010,1,0,0,0,0,0,0,0,0
12200101,0,0,0,0,0,0,0,0.4275,0
11001022,0,0,0,0,0,0,1,0,0
22101112,0,0,0,0,0,0,0,0,0
20211112,0,0,0.5,0,0,0,0,0,0
10102021,0.4275,0,0,0,0,0,0,0,0
100211212,0,0,0,0,0,0,0,0,0
11221012,1,0,0,0,0,0,0,0,0
