0,0,0,0,0,0,0,0,0,0
201000000,0,0.817617,0,0.844085,0.790274,0.949996,0.513074,0.712092,0.832683
201001002,0,6.57923e-05,0,0.0854992,0.95,0,0.0854615,0.00160905,0
201011022,0,0.855,0,1,0,0,0.9,0,0
20000100,0.854663,0,0.81291,0.238813,0.858225,0.848773,0,0.786832,0.95
22001100,0.866419,0,0,0.0949998,0,0,0,0.0935327,0
122021100,0,0,0,1,0,0,0,0,0.854914
100000002,0,0.748647,0.791453,0.826816,0.747986,0.790953,0.95,0.829633,0
100200102,0,0.496028,0.95,0,0.460147,0.516075,0,0.44227,0
120201102,0,0,0.423225,0,0.944775,0,0,0.465975,0
120221112,0,0,0.5,0,0,0,0,0,0
1200,0.827695,0.812837,0.727693,0.847451,0.759084,0,0,0.236571,0.945289
2011200,0.82503,0.902932,0,0.9,0,0,0,0,0
12011220,0,0,0,0.9,0,0,0,0,0.95
212011221,0,0,0,1,0,0,0,0,0
200001000,0,0.853479,0.949996,0.796886,0.854061,0,0.846389,0.828374,0.687716
200001120,0,0,0.7695,0.7695,0.949999,0,0,0,0.855392
220001121,0,0,0.9,0,0.864482,0,0,0,0
220211121,0,0,1,0,0,0,0,0,0
20010000,0.850325,0,0.945255,0.830035,0,0.858708,0.858914,0.85058,0.832585
220010010,0,0,0.456634,0.0944464,0,0.0863858,0.0949905,0,0.0484097
221010012,0,0,0,0.7695,0,0,1,0,0
221112012,0,0,0,0,0,0,1,0,0
10000020,0.486369,0,0.870576,0.483604,0.480511,0.479298,0.481704,0,0.461756
110020020,0,0,1,0.860724,0,0.730294,0.856046,0,0.804127
110122020,0,0,1,0,0,0,0.9,0,0.7695
110122221,0,0,1,0,0,0,0,0,0
20100,0.4446,0.451512,0.478855,0.945735,0,0.469574,0,0.480307,0.440169
122100,1,0.731024,0.0884114,0,0,0,0,0.796816,0
110000220,0,0,1,0,0.776809,0,0,0,0.88527
10200,0.48238,0.452686,0.448211,0.448601,0,0.236782,0,0.448828,0.949957
102010200,0,0,0,0.857608,0,0.902971,0,0.89751,0.9
122011200,0,0,0,0,0,0,0,0,1
1000020,0.949996,0.799379,0,0.53808,0.83946,0.841184,0.82175,0,0.791733
21001020,0,0,0,0,0.7695,0,0,0,1
21011220,0,0,0,0,0,0,0,0,1
10000200,0.241132,0,0.168135,0.235169,0.941287,0.151221,0,0.163643,0.238208
10002210,0.842987,0,0,0.7695,1,0,0,0,0.863379
110002212,0,0,1,0,0.9,0,0,0,0
2001000,0.858626,0.440624,0,0.438436,0.447996,0,0.47581,0.238348,0.468635
102001002,0,0.168948,0,0.168102,0.95,0,0.456175,0.496289,0
102101022,0,0.0855,0,0,0,0,0,0,0
201000201,0,0,0,0,0,1,0,0,0
1020000,0.471992,0.434326,0,0.44291,0,0.902504,0.471873,0.434014,0.45231
101020002,0,1,0,0,0,0,0,0.483409,0
101220102,0,1,0,0,0,0,0,0,0
10020,0.949957,0.813597,0.85828,0.850174,0,0.858226,0.841558,0,0.805948
11022,0.7695,0,0.7695,1,0,0,0.442097,0,0
210011022,0,0,0,1,0,0,0.855,0,0
210,0.475874,0.446351,0.471685,0.478564,0.95,0.236263,0,0,0.461288
2010210,0,1,0,0.84645,0,0.7695,0,0,0.884459
202010211,0,1,0,0,0,0,0,0,0
120100002,0,0,0.409758,0,0.7695,0.541729,1,0.897243,0
121100022,0,0,0,0,0,0,1,0,0
200010,0.807292,0.888041,0.845605,0,0.906779,0.845337,0.899469,0,0.171934
200210010,0,0.9,0.084645,0,0,0.778982,0.95,0,0.854914
12010020,0.459418,0,0,0.45292,0,0.455762,0.459716,0,0.902562
12210021,1,0,0,0,0,0.4275,0.465975,0,0
212210121,0,0,0,0,0,0.5,0,0,0
1200000,0.9025,0.787786,0,0,0.826013,0.82076,0.821619,0.823718,0.825238
1201002,0.90725,0.176209,0,0,0.446309,0,0.455584,0.166178,0
211201002,0,0,0,0,0.094982,0,0.094905,0,0
2010000,0.910782,0.486402,0,0.175633,0,0.519352,0.48629,0.491551,0.479775
2010102,0.0488426,0.0829278,0,0.095,0,0.463205,0,0.000406639,0
2110122,0.9,0,0,0,0,1,0,0,0
1220010,0.485593,0,0,0,0,0.463989,0.0934543,0,0.949999
21,0.771993,0.746541,0.752443,0.796459,0.949995,0.500638,0.549322,0,0
210021,1,0.7695,0,0,0,0,0.657922,0,0
10210221,1,0,0,0,0,0,0,0,0
2100,0.902645,0.738105,0.854981,0.833377,0.834138,0,0,0.850594,0.854878
2012100,0.7695,0.774879,0,0.44954,0,0,0,0.855778,0.95
11202,0.157747,0,0.84645,1,0,0,0,0.859452,0
100211202,0,8.54992e-06,0,0,0,0,0,0.902543,0
12000000,0.474233,0,0,0.229545,0.941669,0.486075,0.47591,0.203168,0.483825
112002000,0,0,0,0.820283,0.948195,0,0,0.142742,0
200001,0.812772,0.820603,0.945297,0,0.863326,0.832702,0.866422,0.758942,0
10200201,0,0,0.0940586,0,0.175708,0.084645,0,0.0855,0
12200211,0,0,0,0,0,0,0,0,0
210001200,0,0,0.086355,0.165451,0.000949981,0,0,0.0864482,0.0885271
210011220,0,0,0,1,0,0,0,0,0
20010,0.450942,0.439095,0.170649,0.464689,0,0.444216,0.898918,0,0.441959
10020210,0.0941442,0,0.135564,0.122006,0,0.0820364,0,0,0.00774887
11020212,1,0,0,0.7695,0,0,0,0,0
11122212,1,0,0,0,0,0,0,0,0
21000000,0.777567,0,0,0.783119,0.907246,0.85907,0.856562,0.775996,0.858669
21020001,0,0,0,0,0,1,0,0,0
2001,0.854907,0.812915,0.828017,0.819944,0.83631,0,0.95,0.853772,0
201002001,0,0.449898,0,0.816338,0.46408,0,0.855684,0.862938,0
221002011,0,0,0,0,0.893475,0,0.999,0,0
221012211,0,0,0,0.5,0,0,0,0,0
20001000,0.813558,0,0.829352,0.794586,0.901797,0,0.541345,0.810211,0.713776
22001010,0.9025,0,0,0.810707,0.084645,0,0,0,0
100000020,0,0.828167,0.907246,0.749255,0.858681,0.828345,0.792379,0,0.515969
100201020,0,0.505098,0.945725,0,0.812249,0,0.812169,0,0.8645
102201021,0,0.517753,0,0,1,0,0.7695,0,0
122201121,0,0,0,0,1,0,0,0,0
212001201,0,0,0,0.0855,0,0,0,0,0
22101000,0.175411,0,0,0,1,0,0.0854145,0.811365,0.854153
22101201,0,0,0,0,0.999999,0,0,0,0
120000,0.434322,0.44387,0.858876,0,0,0.203769,0.442382,0.441586,0.475017
120102,1,0,0.723715,0,0,0,0,0.7695,0
2120112,1,0,0,0,0,0.854999,0,0,0
101202000,0,0.9,0,0,0.95,0,0.0932788,0.82495,0.864499
121202100,0,0,0,0,1,0,0,0,0
12120000,0.0863645,0,0,0,0,0.0418549,0.496963,0.089193,0
12122010,0,0,0,0,0,0,0.9405,0,0.0864482
212122011,0,0,0,0,0,0,1,0,0
202010001,0,0.464309,0,0.496883,0,0.135195,0.450027,0.0864492,0
212012001,0,0,0,0,0,0,0,1,0
1000002,0.888518,0.898042,0,0.818383,0.866055,0.842987,0.949957,0.853263,0
201010002,0,0,0,0,0,0.7695,0,0.95,0
201010212,0,0.9,0,0.95,0,0,0,0,0
201112212,0,1,0,0,0,0,0,0,0
1022001,0.00862732,0.0904664,0,0.417907,0,0,0.0460427,0.090013,0
1022211,0.470682,0.0427932,0,0.475,0,0,0,0,0
21122211,0.5,0,0,0,0,0,0,0,0
201002010,0,0.864233,0,0.892859,0.849898,0,0.94998,0,0.07695
201022011,0,0,0,0.423225,0,0,1,0,0
100200000,0,0.9025,0.829743,0,0.853664,0.857581,0.846142,0.853641,0.814436
120200010,0,0,0.49886,0,0.500128,0.49134,0.464354,0,0.169589
120221010,0,0,0.38475,0,0,0,0,0,0.95
121221012,0,0,0,0,0,0,0.5,0,0
22010100,0.95,0,0,0.0940492,0,0,0,0,0.0946485
22110102,0.9999,0,0,0,0,0.9,0,0,0
12000,0.860157,0.95,0.89566,0.852216,0,0,0.870648,0.858263,0.866616
12201,1,0.657922,0,0.7695,0,0,0,0,0
10012221,0,0,0.907203,0.475043,0,0,0,0,0
11212221,1,0,0,0,0,0,0,0,0
211220010,0,0,0,0,0,0,0,0,0
1202001,0.84645,0.0854999,0,0,0.95,0,0.0949991,0.7695,0
201212001,0,0,0,0,0,0,1,0.855,0
20001,0.47957,0.480268,0.469307,0.475814,0,0.902975,0.443419,0.476114,0
100020021,0,0.497361,0.0949991,0.0811438,0,0.0398409,0.0446814,0,0
100220121,0,0.004275,0,0,0,4.74525e-05,0,0,0
100220010,0,0.450845,0.0503152,0,0,0.459824,0.455761,0,0.0937447
121220010,0,0,0,0,0,0.477945,0.000474952,0,0
121221210,0,0,0,0,0,0,0,0,1
200000010,0,0.864491,0.893895,0.748938,0.814574,0.80768,0.90725,0,0.826012
200001012,0,0.0864411,0.878025,0.778888,0.95,0,0,0,0
220101012,0,0,0,0,1,0,0,0,0
201100200,0,0.159202,0,0,0.527193,0.907246,0,0,0.730294
221101200,0,0,0,0,0,0,0,0.95,0.9
221101212,0,0,0,0,1,0,0,0,0
121000020,0,0,0,0.0730294,0.95,0.0831399,0.00949145,0,0.07695
121000122,0,0,0,1,0,0,0,0,0
20000010,0.482903,0,0.482374,0.23426,0.479798,0.479276,0.475739,0,0.526578
21200010,0.76319,0,0,0,0.803396,0.503691,0.7695,0,0.949952
121200012,0,0,0,0,0.522007,0.4275,0.518206,0,0
121210212,0,0,0,0,0,0.5,0,0,0
10002,0.511883,0.491945,0.514205,0.488037,0,0.942028,0.5126,0.491282,0
202010112,0,1,0,0,0,0,0,0,0
20021010,0.536139,0,0.365512,0.0730294,0,0,0.537515,0,0.95
20021211,0.093195,0,1,0.0863464,0,0,0,0,0
120221211,0,0,1,0,0,0,0,0,0
100002120,0,0.855846,0.95,0.9,0.854914,0,0,0,0.731025
110002122,0,0,0,1,0,0,0,0,0
20002110,0.854145,0,0.7695,0,0.7695,0,0,0,1
120022110,0,0,0,1,0,0,0,0,0
200100,0.854061,0.859774,0.858684,0,0.82154,0.858652,0,0.902928,0.859071
100220100,0,0.451295,0.0458766,0,0,0.455795,0,9.04244e-06,0.0949999
120220011,0,0,0.855,0,0,0.949999,0.9,0,0
100000200,0,0.697482,0.949525,0.887204,0.815272,0.882494,0,0.899954,0.894132
110002200,0,0,1,0.7695,0,0,0,0,0.7695
110022201,0,0,1,0,0,0,0,0,0
200000001,0,0.779814,0.852637,0.777944,0.851552,0.783183,0.867043,0.8132,0
200000121,0,0.86118,0.902974,0.118506,0.501062,0.494893,0,0,0
202001121,0,0.474952,0,0.474097,0.474957,0,0,0,0
202121121,0,0.5,0,0,0,0,0,0,0
112221,1,0,0,0,0,0,0,0,0
120,0.796549,0.742384,0.509686,0.724386,0.949953,0.816109,0,0,0.506081
2010120,0.504554,0.53489,0,0.95,0,0,0,0,0.500138
102010122,0,0.465975,0,1,0,0.469818,0,0,0
100020000,0,0.441575,0.471675,0.95,0,0.475398,0.441329,0.444957,0.441663
100021200,0,0.7695,0.95,0.431305,0,0,0,0.812096,0.862186
100121220,0,0,0,0,0,0,0,0,0
12,0.439085,0.441803,0.865945,0.225527,0.449382,0.468966,0.17839,0,0
21012,0.857428,0.0406465,0.0451299,0.406157,0,0,0.00824747,0,0
20021112,0.907246,0,0.0474521,0.00940595,0,0,0,0,0
120010020,0,0,0,0,0,0,0,0,1
201000,0.483711,0.476734,0.87069,0,0.445871,0,0.474657,0.475143,0.450638
200211000,0,0.0904222,0.0949137,0,0,0,0.0731024,0.0885002,0.415937
210211020,0,0,0.00855,0,0,0,0.475,0,0.427885
212211120,0,0,0,0,0,0,0,0,0.5
2000100,0.95,0.507444,0,0.548761,0.548134,0.545424,0,0.54229,0.51886
2002110,0,0.730952,0,0,0.7695,0,0,0,1
201001020,0,0.898072,0,0.854145,0.84645,0,0.898691,0,1
201101022,0,0,0,0,0.9,0,0,0,0
21000210,0.455344,0,0,0.485035,0.491947,0.462759,0,0,0.463047
221100210,0,0,0,0,0.4275,0.95,0,0,0.500175
221120211,0,0,0,0,0,1,0,0,0
102201000,0,0.482878,0,0,0.463623,0,0.462639,0.898771,0.455701
122201100,0,0,0,0,0.518221,0,0,0.90725,0
122211102,0,0,0,0,0,0,0,0.5,0
210000,0.869524,0.861822,0.814351,0,0,0.893482,0.850867,0.907203,0.832871
10210002,0.86261,0,0.858339,0,0,0.824781,0.863417,1,0
10211022,0.0038475,0,0.00941449,0,0,0,0.517754,0,0
112211022,0,0,0,0,0,0,0.5,0,0
102000,0.491919,0.50946,0.902496,0,0.131036,0,0.491391,0.475374,0.511005
200102100,0,0.166949,0.456129,0,0.464115,0,0,0.0243344,0.459476
200122110,0,0.00093195,0,0,0,0,0,0,1
212122110,0,0,0,0,0,0,0,0,1
1020120,0.095,0.492298,0,0.487564,0,0,0,0,0.365512
101022120,0,1,0,0,0,0,0,0,0
100002,0.778176,0.808978,0.82487,0,0.824866,0.719974,0.95,0.827768,0
100122,1,0,0.723715,0,0,0,0,0,0
2201100,0.49549,0.455518,0,0,0.373554,0,0,0.456194,0.459852
2201112,0.38475,0,0,0,0.475,0,0,0,0
102221112,0,0.5,0,0,0,0,0,0,0
1002,0.478693,0.166928,0.486046,0.205326,0.941695,0,0.482616,0.477068,0
21001002,0.369168,0,0,0.460495,0.94953,0,0.411554,0.483685,0
221011002,0,0,0,0.9,0,0,0,0.95,0
20100000,0.826372,0,0.828384,0,0.941188,0.825894,0.832268,0.828824,0.824105
221100000,0,0,0,0,0.850906,0.7695,0.855,0,0.95
221101020,0,0,0,0,0,0,0,0,0.999
2010,0.853216,0.853281,0.804615,0.851909,0.906823,0,0.857277,0,0.862776
20012010,0.657922,0,0.518954,0.807014,0,0,0.95,0,0.895284
120012210,0,0,0.500175,0,0,0,0,0,1
121212210,0,0,0,0,0,0,0,0,1
20112000,0.95,0,0.533647,0,0,0,0.854991,0.804127,0.852012
22112001,0.99999,0,0,0,0,0,0,0,0
2000001,0.82971,0.843972,0,0.816784,0.518185,0.825502,0.832203,0.902459,0
2021001,0.00849909,0.450795,0,0.000410186,0,0,0.95,0.0949999,0
22021101,0,0,0,0,0,0,0,1,0
101002122,0,0.9,0,1,0.9,0,0,0,0
21102,0.906817,0.0862176,0.109653,0.0949906,0,0,0,0.412298,0
2021112,0.94572,0.47025,0,0.0949051,0,0,0,0,0
122021112,0,0,0,1,0,0,0,0,0
100201200,0,0.821227,0.7695,0,0.731098,0,0,0.528815,0.95
100221210,0,0,0.95,0,0,0,0,0,0
101221212,0,1,0,0,0,0,0,0,0
20000001,0.838735,0,0.842419,0.858979,0.949957,0.829026,0.866673,0.857282,0
20012001,1,0,0,0,0,0,0.7695,0,0
20012121,0.9,0,1,0,0,0,0,0,0
10000002,0.753669,0,0.949525,0.165529,0.748527,0.780483,0.82185,0.792135,0
110000022,0,0,0,0.7695,0,0.361857,0.95,0,0
110200122,0,0,1,0,0.854914,0,0,0,0
212000100,0,0,0,0,0.533599,0.5278,0,0.95,0.451622
212200101,0,0,0,0,0,0,0,1,0
220110000,0,0,0,0,0,1,0.854145,0.489771,0.328961
101200002,0,1,0,0,0.855,0.897689,0.866124,0.86306,0
200100000,0,0.470964,0.448825,0,0.949528,0.176151,0.441385,0.170226,0.452074
220112001,0,0,0.518172,0,0,0,0.094905,0.04617,0
220112211,0,0,0.5,0,0,0,0,0,0
2001120,0.84984,0.526264,0,0.945725,0.878041,0,0,0,0.365512
2211120,0.4275,0.470246,0,0,0,0,0,0,0.905445
22211121,1,0,0,0,0,0,0,0,0
2110002,0.0948195,0.7695,0,0,0,1,0.855,0.7695,0
12110022,0,0,0,0,0,1,0,0,0
200010000,0,0.511698,0.481935,0.487711,0,0.511414,0.476773,0.44223,0.482954
210010002,0,0,0.855761,0.849913,0,0.7695,0.897906,1,0
210010122,0,0,1,0,0,0.7695,0,0,0
212011122,0,0,0,1,0,0,0,0,0
102,0.898138,0.841603,0.945725,0.83394,0.862681,0.824431,0,0.834545,0
20000112,0.463815,0,0.168049,0.167247,0.130652,0.163231,0,0,0
22010112,0.047072,0,0,0,0,0.0474957,0,0,0
1202121,0.0854915,0.00949042,0,0,1,0,0,0,0
200000100,0,0.843315,0.841865,0.807255,0.895038,0.841752,0,0.95,0.893025
210020100,0,0,0.0816233,0.0443038,0,0.496297,0,0.0095,0.949955
211022100,0,0,0,0.00038475,0,0,0,0,0.427504
211122120,0,0,0,0,0,0,0,0,0.5
20010102,0.84645,0,1,0,0,0.812313,0,0.464046,0
20211102,0.522362,0,1,0,0,0,0,0.512145,0
120000000,0,0,0.820124,0.823916,0.949451,0.820537,0.820612,0.823963,0.713344
120002100,0,0,0.854914,0.9,0.902975,0,0,0.897198,0
120212100,0,0,0,0,0,0,0,0.95,0
120212112,0,0,1,0,0,0,0,0,0
100120200,0,0.0941407,0.95,0,0,0.0402104,0,0.41067,0.00820931
121120200,0,0,0,0,0,0.470682,0,0.475,0.432207
121120212,0,0,0,0,0,0.5,0,0,0
202010010,0,1,0,0.84645,0,0.07695,0.854914,0,0.0084645
2100000,0.949946,0.836089,0,0,0.824681,0.78252,0.794237,0.728752,0.785163
12100020,0,0,0,0,0.945297,0.496263,0.0449862,0,0.441864
10002000,0.889576,0,0.949568,0.813502,0.864496,0,0.842139,0.833416,0.775932
112002210,0,0,0,0,0,0,0,0,0.0949127
112202211,0,0,0,0,1,0,0,0,0
10200021,0.95,0,0,0,0.504821,0.463552,0.500436,0,0
10202121,0,0,0.7695,0,0.95,0,0,0,0
211202121,0,0,0,0,1,0,0,0,0
212010,0,0.9,0,0,0,0,0.95,0,0.854914
2212110,0.7695,0,0,0,0,0,0,0,1
122212110,0,0,0,0,0,0,0,0,1
10022010,0.00949989,0,0.448846,0.0973814,0,0,0,0,0.0949174
11022210,1,0,0,0.512145,0,0,0,0,0
122010000,0,0,0,0.84645,0,0.894761,0.0499194,0.855,1
2000010,0.776027,0.727497,0,0.161406,0.851784,0.848788,0.818714,0,0.945688
12000210,0,0,0,0,1,0,0,0,0
2201010,0.532506,0,0,0,0.518855,0,0.438615,0,0.163634
2211012,0,1,0,0,0,0,0.479707,0,0
22211112,0.5,0,0,0,0,0,0,0,0
21210000,0.657922,0,0,0,0,0.894626,0,0.812399,0.95
221210001,0,0,0,0,0,0.9,1,0,0
21010020,0,0,0,0,0,0.731024,1,0,0.84645
21210021,0.9,0,0,0,0,1,0.9,0,0
2001021,0.131924,0.474435,0,0.460511,0.459994,0,0.402027,0,0
12001221,0.854145,0,0,0.09405,0.95,0,0,0,0
202011,0,0,0,0,0.7695,0,1,0,0
20212011,1,0,0,0,0,0,0,0,0
200000211,0,0.0813804,0.449965,0.519613,0.415891,0.0854222,0,0,0
200102211,0,0.522452,0.474521,0,0.945725,0,0,0,0
212102211,0,0,0,0,1,0,0,0,0
1200012,0.854145,0.168101,0,0,0.95,0.449577,0.50106,0,0
21201012,0.465975,0,0,0,0.517703,0,0.478799,0,0
121201212,0,0,0,0,0.5,0,0,0,0
210200010,0,0,0.0769585,0,1,0.84653,0.8645,0,0.855084
11220000,1,0,0,0,0,0,0.862352,0,0.86184
20210010,0.809214,0,0,0,0,0.328961,0.854145,0,0.95
20211210,0.465975,0,0.004275,0,0,0,0,0,0
120211212,0,0,0.5,0,0,0,0,0,0
10200000,0.857828,0,0.810738,0,0.949957,0.857738,0.725642,0.831876,0.802666
110000202,0,0,1,0,0,0,0,0,0
1220100,0.11733,0.0953753,0,0,0,0.126113,0,0.456235,0.009326
1221102,0.47975,0.00086355,0,0,0,0,0,0.4275,0
20120100,1,0,0.804113,0,0,0,0,0.7695,0
100200120,0,0.53339,0.821669,0,0.796086,0.532507,0,0,0.7695
100221120,0,0.479746,0.000940593,0,0,0,0,0,0.0469822
101221122,0,1,0,0,0,0,0,0,0
1002000,0.854486,0.949995,0,0.897846,0.849923,0,0.779354,0.898426,0.890129
1102200,0.455781,0.905478,0,0,0.493111,0,0,0.454584,0
21102210,0.47025,0,0,0,0.474097,0,0,0,0.465932
221112210,0,0,0,0,0,0,0,0,0.5
100002012,0,0.0948956,0.944604,0.0949932,0.0767576,0,0.162441,0,0
20010021,0,0,0.730294,0.657922,0,0.95,0,0,0
20011221,1,0,0,0,0,0,0,0,0
211212,0.855,1,0.04275,0,0,0,0,0,0
20011002,0.854999,0,0.779743,1,0,0,0.813746,0.498721,0
221211012,0,0,0,0,0,0,1,0,0
220110,0,0.854145,0,0,0,0.7695,0,0,1
200010012,0,1,0.7695,0,0,0.803981,0,0,0
200011212,0,1,0,0.9,0,0,0,0,0
112001022,0,0,0,0,0.469822,0,0.427496,0,0
12012000,0.00949794,0,0,0.775271,0,0,0,1,0
22000110,0,0,0,0.864496,0.0875761,0.727369,0,0,1
122002110,0,0,0,1,0.864499,0,0,0,0.9
1000200,0.949953,0.820755,0,0.504531,0.805827,0.810165,0,0.894287,0.832531
1002201,0.95,0.492375,0,0.844334,0.7695,0,0,0.491023,0
211002201,0,0,0,0.474948,0.0474987,0,0,0.0470207,0
202011102,0,0.95,0,0,0,0,0,0.854991,0
12202110,0,0,0,0,1,0,0,0,0
10201020,0.40206,0,0.945721,0,0.510975,0,0,0,0.17193
210201021,0,0,1,0,0.4275,0,0.38475,0,0
212201121,0,0,0,0,0.5,0,0,0,0
2120100,1,0,0,0,0,0,0,0.7695,0.328961
20102010,0.7695,0,0.756611,0,0.783252,0,0.95,0,0
22102110,0,0,0,0,0,0,0,0,1
101000022,0,1,0,0.7695,0,0,0.84645,0,0
100000212,0,0.95,0.496978,0.149859,0.540469,0.52886,0,0,0
101020212,0,1,0,0.477859,0,0.469395,0,0,0
101122212,0,1,0,0,0,0,0,0,0
110210022,0,0,1,0,0,0,0.7695,0,0
2200011,0.854145,0,0,0,0.7695,0.835292,1,0,0
2201211,0.0854145,0,0,0,0.00949999,0,0,0,0
22211211,1,0,0,0,0,0,0,0,0
101022,0,0,0,0,1,0,0,0,0
100122000,0,0.7695,0.95,0,0,0,0.9,0.831998,0.730294
100122012,0,0.7695,0,0,0,0,1,0,0
2112,0,6.57923e-07,0.0972691,0.103108,0,0,0,0,0
10202112,0,0,0.0931865,0,0.9,0,0,0,0
211202112,0,0,0,0,1,0,0,0,0
200100102,0,0.00146132,0.0949144,0,0.95,0.0949145,0,0.00153515,0
200112102,0,0.7695,1,0,0,0,0,0,0
210112122,0,0,1,0,0,0,0,0,0
210000210,0,0,0.731426,0.84645,1,0.00931172,0,0,0.496482
211000212,0,0,0,0.0855,1,0,0,0,0
22121100,1,0,0,0,0,0,0,0,0
22110000,0.945725,0,0,0,0,0.9,0.854999,0.819528,0.093956
22112010,0.948964,0,0,0,0,0,0,0,0
1020,0.847591,0.826413,0.750847,0.552738,0.895258,0,0.829097,0,0.70901
10001022,0,0,0.0945293,0,0.086184,0,0.9025,0,0
10121022,0,0,0,0,0,0,0.9405,0,0
120000012,0,0,0,0.46319,0.485803,0.495346,0.94572,0,0
120120012,0,0,0.5225,0,0,0.7695,1,0,0
122121012,0,0,0,0,0,0,1,0,0
20001102,0.493406,0,0.802665,0.84645,0.95,0,0,0.79681,0
220001112,0,0,0.0862695,0,0.094905,0,0,0,0
221201112,0,0,0,0,1,0,0,0,0
210020001,0,0,0.456147,0.462665,0,0.0944836,0.533265,0.450892,0
211020021,0,0,0,0.855,0,1,0.38475,0,0
211022121,0,0,0,0.5,0,0,0,0,0
10020000,0.484269,0,0.95,0.483368,0,0.135042,0.452138,0.473484,0.471387
210021000,0,0,0.0949992,0.480301,0,0,0.496407,0.0731025,0.495641
210021210,0,0,0,0,0,0,0,0,0
20001021,0.7695,0,1,0.081214,0.7695,0,0,0,0
22001121,0.00855,0,0,0,0.855,0,0,0,0
200001201,0,0.807975,1,0,0.7695,0,0,0,0
100200,0.196207,0.444667,0.863298,0,0.484179,0.504378,0,0.468495,0.479891
10120200,0.0949915,0,0.817983,0,0,0.00739081,0,0.129591,0.0406495
10121220,0,0,0.0855949,0,0,0,0,0,0.0949914
211121220,0,0,0,0,0,0,0,0,1
101000220,0,1,0,0,0,0.854145,0,0,0.864302
121000221,0,0,0,0,1,0,0,0,0
1200120,0,0.864148,0,0,1,0.835292,0,0,0.7695
210000000,0,0,0.234655,0.509424,0.94945,0.486758,0.475949,0.477366,0.511136
210002001,0,0,0.121346,0.499965,0.486324,0,0.945877,0.0949781,0
210212001,0,0,0.0855,0,0,0,0.855,0.99999,0
210120,0.731018,0,1,0,0,0.84645,0,0,0.835292
200210121,0,0.7695,1,0,0,0,0,0,0
210212121,0,0,1,0,0,0,0,0,0
21000,0.468468,0.163046,0.442414,0.440234,0,0,0.441917,0.892969,0.442352
10021200,0.08645,0,0.0108064,0.00892589,0,0,0,0.0739066,0
11021202,0.99999,0,0,0,0,0,0,0.0007695,0
11221212,1,0,0,0,0,0,0,0,0
201,0.894366,0.855102,0.95,0.851948,0.834742,0.829712,0,0.754506,0
200211,0.0949915,0,0,0,0.08645,0.0936225,0,0,0
100220211,0,0,0,0,0,0.855864,0,0,0
100000122,0,0.95,0,0,0.810634,0,0,0,0
112000122,0,0,0,1,0,0.38475,0,0,0
112201122,0,0,0,0,0.5,0,0,0,0
200100120,0,0.750543,0.497064,0,0.949983,0.497429,0,0,0.118876
212100120,0,0,0,0,0.47367,0.522068,0,0,0.470246
212112120,0,0,0,0,0,0,0,0,0.5
20110200,0.730294,0,0,0,0,1,0,0,0.7695
220110201,0,0,0,0,0,1,0,0.427496,0
102122010,0,0,0,0,0,0,1,0,0
100020,0.741297,0.779738,0.442612,0,0.949953,0.552738,0.73671,0,0.779103
20100021,0.084645,0,0.810706,0,0.902919,0.093879,0,0,0
12120,0,0.888041,1,0,0,0,0,0,0.888426
200012121,0,0,1,0,0,0,0,0,0
212100,0,0,1,0,0,0,0,0,0
1120200,0.496636,0.463556,0,0,0,0.496564,0,0.496087,0.945319
11120220,0,0,0,0,0,0,0,0,0.95
11122221,1,0,0,0,0,0,0,0,0
102000000,0,0.809358,0,0.945688,0.748596,0.821487,0.786701,0.847152,0.825589
102200001,0,0.7695,0,0,1,0,0,0.854611,0
112200021,0,0,0,0,1,0.512145,0.512102,0,0
22011000,0.328961,0,0,1,0,0,0.723715,0,0
202101000,0,0.723715,0,0,1,0,0,0,0.731024
200112,0.109288,0.781272,0.501031,0,0.95,0.487581,0,0,0
201200112,0,0.855,0,0,1,0.854991,0,0,0
110020221,0,0,1,0.0864396,0,0.094905,0,0,0
100221102,0,0.945254,0.475,0,0,0,0,0.474999,0
110221122,0,0,1,0,0,0,0,0,0
10212,0.806048,1,0.82602,0.8644,0,0.864053,0,0,0
221110212,0,0,0,0,0,1,0,0,0
11202000,1,0,0,0,0,0,0.7695,0,0.854145
211202100,0,0,0,0,1,0,0,0.855,0.854991
2010021,1,0,0,0.7695,0,0.855,0.409373,0,0
202010121,0,0.475,0,0.0474991,0,0.431775,0,0,0
202112121,0,0.5,0,0,0,0,0,0,0
11000202,1,0,0,0,0.862686,0.0657923,0,0.7695,0
211000200,0,0,0,0.0534995,0.0776068,0.00949914,0,0.0855882,0.0500586
211020201,0,0,0,0.7695,0,1,0,0.474097,0
211120221,0,0,0,0,0,1,0,0,0
120000021,0,0,0.7695,0,1,0.864489,0.817929,0,0
120002121,0,0,0.0854145,0,0,0,0,0,0
2102001,0.949996,0.894204,0,0,0.806051,0,0.730294,0.835292,0
202102011,0,0.855,0,0,0.7695,0,1,0,0
202112211,0,1,0,0,0,0,0,0,0
221000001,0,0,0,0.849766,0,1,0,0.369095,0
221120001,0,0,0,0,0,1,0.84645,0.84645,0
10201200,0.95,0,0.857462,0,0,0,0,0.876484,0.0931865
11201202,1,0,0,0,0,0,0,0.863645,0
1012020,0.854914,0.90725,0,0.505066,0,0,0.9,0,0.7695
100002000,0,0.817041,0.945682,0.860671,0.862895,0,0.86602,0.858445,0.829798
101002200,0,1,0,0,0,0,0,0.723715,0.0394754
121002210,0,0,0,0.4275,0.478714,0,0,0,0.906727
2120121,1,0.38475,0,0,0,0,0,0,0
212120121,0,0,0,0,0,0.5,0,0,0
212000010,0,0,0,0.174466,1,0.7695,0.84645,0,0
212102010,0,0,0,0,1,0,0.093879,0,0
1010022,0,0.0931942,0,0.723715,0,0,1,0,0
102000012,0,0,0,0.159325,0.00948852,0.418037,0.00854914,0,0
102001212,0,0.0855,0,0.08645,0.855,0,0,0,0
120201,0.0402543,0.086469,0.870288,0,0,0.0949991,0,0.495078,0
200121201,0,0,1,0,0,0,0,0,0
212100000,0,0,0,0,0,0.488916,0.854747,0.174638,0.452046
212102001,0,0,0,0,0,0,0.854914,0.95,0
10122000,0.95,0,0.45115,0,0,0,0.52326,0.804971,0.789507
210122001,0,0,0.47025,0,0,0,0.907248,0.479746,0
212122101,0,0,0,0,0,0,0,1,0
2000112,0.450332,0.499325,0,0.0898609,0.501035,0.890159,0,0,0
102120,1,0,0,0,0,0,0,0,0
122121,1,0.465971,0,0,0,0,0,0,0
102000120,0,0.756611,0,1,0.7695,0,0,0,0.723715
112020120,0,0,0,1,0,0.854991,0,0,0.38475
112220121,0,0,0,0,0,0.5,0,0,0
20101002,0.7695,0,0.0931095,0,1,0,0.84645,0.157871,0
22101102,1,0,0,0,0.9,0,0,0,0
10212000,0,0,0,0,0,0,0,1,0
11202120,1,0,0,0,0,0,0,0,0
20010210,0.452231,0,0.456134,0.903228,0,0.371307,0,0,0.448914
20210211,1,0,0.7695,0,0,0,0,0,0
2000121,0.862333,0.495379,0,0.495457,0.496589,0.447213,0,0,0
212000121,0,0,0,0.474994,0.474948,0.475,0,0,0
1210020,0,0.84645,0,0,0,0.902932,0.9,0,0
11210022,0,0,0,0,0,0.094905,1,0,0
1002012,0.146204,0.95,0,0.802665,0.541694,0,0,0,0
11202012,1,0,0,0,0,0,0,0,0
2100120,1,0,0,0,0.84645,0.854145,0,0,0
12010200,0,0,0,0,0,0.7695,0,1,0.855299
12210201,0,0,0,0,0,0.0949136,0,1,0
12211221,1,0,0,0,0,0,0,0,0
220001100,0,0,0.907189,0,0.854914,0,0,0.805436,0.854991
220101120,0,0,0,0,0,0,0,0,0
10100220,0,0,0.810633,0,0.0896683,0.0938219,0,0,0.9025
12101220,0,0,0,0,1,0,0,0,0.854914
1102002,0,0.854145,0,0,0,0,0.95,0.811365,0
11102202,1,0,0,0,0,0,0,0.854914,0
120010002,0,0,0.857872,0.84645,0,0.819987,0.945678,0.409045,0
122010012,0,0,0,0.0855855,0,0.479745,0.432249,0,0
122210112,0,0,0,0,0,0.5,0,0,0
221110020,0,0,0,0,0,0.999999,0.9,0,0
202110021,0,0.89262,0,0,0,1,0,0,0
102120000,0,0.7695,0,0,0,0.84645,1,0.841871,0.84645
102120012,0,0,0,0,0,0.863456,1,0,0
211010022,0,0,0,0,0,0,1,0,0
100021002,0,0.463554,0.455828,0.487371,0,0,0.456136,0.460216,0
100021122,0,0.95,0.854999,0,0,0,0,0,0
22101,0.863379,0.850105,0.0835292,0.328961,0,0,0,1,0
21022101,0,0,0,0.862695,0,0,0,1,0
221122101,0,0,0,0,0,0,0,1,0
102210102,0,0.0431818,0,0,0,0.470207,0,0.04275,0
120002112,0,0,0.95,0.9,0.0854145,0,0,0,0
210001212,0,0,0,0.7695,1,0,0,0,0
212101212,0,0,0,0,1,0,0,0,0
11020200,1,0,0,0.883656,0,0.7695,0,0.86304,0.864496
11020221,0.9,0,0,0.95,0,0.9,0,0,0
121002,0.0891818,0.087723,0.036961,0,0,0,0.094906,0.129553,0
100121022,0,0,0,0,0,0,1,0,0
201201000,0,0.737604,0,0,0,0,0,0.7695,1
211211022,0,0,0,0,0,0,1,0,0
211001022,0,0,0,0,0.00855,0,0.0855769,0,0
211201122,0,0,0,0,1,0,0,0,0
122000010,0,0,0,0,0.752921,0.9025,0.854914,0,0.881918
122020110,0,0,0,0.9,0,0.95,0,0,0.9
20121,0.00864499,0.458662,0.451022,0.447643,0,0.0496208,0,0,0
10202010,0,0,0.7695,0,1,0,0.854914,0,0.7695
102210120,0,0.477902,0,0,0,0.479317,0,0,0
112212120,0,0,0,0,0,0,0,0,1
101200200,0,0.9,0,0,0.863549,0,0,0.85802,0.95
121200201,0,0,0,0,0,1,0,0,0
2020101,0,0.857076,0,0,0,0.84645,0,1,0
200201010,0,0.854145,0.861494,0,0.854145,0,0.944736,0,0.863456
201221010,0,0,0,0,0,0,0.7695,0,1
221221110,0,0,0,0,0,0,0,0,1
200102010,0,0.536262,0.527712,0,0.909133,0,0.17533,0,0.537644
200122011,0,0.518225,0,0,0,0,1,0,0
200101200,0,0,0,0,1,0,0,0.7695,0.7695
200101212,0,0,0,0,1,0,0,0,0
210201,1,0,0,0,0,0,0,0.730294,0
210002100,0,0,0.458775,0.124639,0.723715,0,0,0.95,0.495238
210012102,0,0,1,0.084645,0,0,0,0.9,0
12021000,0.454925,0,0,0.410995,0,0,0.456086,0.0494737,0.455664
12100200,0,0,0,0,0.902543,0,0,0.7695,0.0804128
12100212,0,0,0,0,1,0,0,0,0
210010200,0,0,0.7695,0.7695,0,0.854145,0,1,0.365147
211010220,0,0,0,0.00474953,0,0,0,0,0.04275
200021010,0,0,0.7695,0.0818674,0,0,0.731025,0,0.95
220021011,0,0,0,0.07695,0,0,1,0,0
211212000,0,0,0,0,0,0,0.9,1,0.084645
102021,0.902543,0,0.328961,0,0.498406,0,0.811437,0,0
200112021,0,0.474525,0.945297,0,0,0,0.469822,0,0
12201000,0.45534,0,0,0,0.94568,0,0.491803,0.463621,0.458572
12221100,0.474995,0,0,0,0,0,0,0.94953,0.479304
212221101,0,0,0,0,0,0,0,1,0
20021100,0.454128,0,0.131372,0.0949905,0,0,0,0.906457,0
200110020,0,0.842529,0.804127,0,0,1,0.854145,0,0.501406
200112120,0,0.512999,1,0,0,0,0,0,0.513
1020210,0.949996,0.419239,0,0.488166,0,0.504338,0,0,0.501119
121020210,0,0,0,0.474999,0,0,0,0,0.949996
121220211,0,0,0,0,0,1,0,0,0
2021100,0.949959,0.492671,0,0.492164,0,0,0,0.500697,0.50108
2021121,0.0432207,0.475,0,0.4275,0,0,0,0,0
1100202,0.374428,0.00949982,0,0,0.0842595,0.496523,0,0.460098,0
201101202,0,0,0,0,1,0,0,0,0
20201112,0.474525,0,0.47491,0,0.522496,0,0,0,0
21221112,0.5,0,0,0,0,0,0,0,0
201122211,0,0.5,0,0,0,0,0,0,0
200002110,0,0.84645,0.7695,0.85029,0,0,0,0,1
20210100,0.657922,0,1,0,0,0,0,0.694108,0.7695
120210120,0,0,0,0,0,0.95,0,0,0
122211120,0,0,0,0,0,0,0,0,1
21000201,0.863252,0,0,0.365509,0.854914,1,0,0.734571,0
121002201,0,0,0,0.47367,1,0,0,0.854145,0
121122201,0,0,0,0,0,0,0,0.5,0
21100002,0.500624,0,0,0,0.859779,0,0.855,0.328961,0
21100212,0.474525,0,0,0,0.51813,0.949568,0,0,0
21121212,0.5,0,0,0,0,0,0,0,0
102012,0.00731025,0.0893466,0.163263,0,0.900858,0,0.0953748,0,0
20112012,0.470297,0,0.479318,0,0,0,0,0,0
221010000,0,0,0,0,0,0,1,0,0
100012200,0,0.86261,0.84645,0.449042,0,0,0,0,1
100112220,0,0.00862695,0.864482,0,0,0,0,0,0
121112220,0,0,0,0,0,0,0,0,1
102210,0.0932458,0.50153,0.532475,0,0,0,0,0,0.459295
10122210,0.085595,0,0.945678,0,0,0,0,0,0
211122210,0,0,0,0,0,0,0,0,0.5
2210100,0.491928,0.945634,0,0,0,0.446583,0,0.813746,0.541571
102211122,0,0.5,0,0,0,0,0,0,0
20001210,0.46132,0,0.949588,0,0.414045,0,0,0,0.09015
21001212,0.4275,0,0,0.479318,0.47928,0,0,0,0
21211212,0.5,0,0,0,0,0,0,0,0
201000120,0,0.84645,0,0.460498,0,0.949996,0,0,0.849109
211020120,0,0,0,0.47025,0,0.0864406,0,0,0.474995
10020120,0.95,0,0.856488,0.776337,0,0.79681,0,0,0.455124
10021122,0.95,0,0,0.0949989,0,0,0,0,0
101220,0,0,0,0,1,0,0,0,0.800665
102220011,0,0,0,0,0,0.854999,0.99999,0,0
202001001,0,0.501183,0,0.445925,0.365512,0,0.90368,9.39561e-06,0
202021011,0,0,0,0,0,0,1,0,0
20020011,0.819163,0,0.881004,0.84645,0,0.83595,1,0,0
201100002,0,0.657922,0,0,0.95,0,0.0928864,0.0657923,0
201100122,0,0.0940415,0,0,1,0.0854992,0,0,0
11200020,0.9,0,0,0,0.723715,0.855,0.907245,0,0.84645
211210020,0,0,0,0,0,0.095,1,0,0
2100012,0,0.0941364,0,0,0.095,0.168103,0.0854992,0,0
210100002,0,0,0.0666044,0,0.95,0.0888772,0.0811437,0.0931942,0
210102102,0,0,0.864499,0,0,0,0,0,0
211010202,0,0,0,0.855,0,0,0,1,0
112102020,0,0,0,0,0.855,0,0.9,0,0.95
100122021,0,0.854145,0,0,0,0,1,0,0
200210001,0,0.792215,0.864498,0,0,0.7695,0.945678,0.864225,0
210210021,0,0,0.00941432,0,0,0,0.479322,0,0
102010002,0,0,0,0.008645,0,0.54131,0.00850102,0.00752828,0
121000200,0,0,0,0.402426,0.365509,0.858654,0,0.445158,0.95
1122,0.849174,0.840305,0.7695,0.842595,0.95,0,0,0,0
100201122,0,0.854145,0.95,0,0.512991,0,0,0,0
20110221,1,0,0.7695,0,0,0,0,0,0
21112221,1,0,0,0,0,0,0,0,0
220011,0,0.0881462,0.094144,0,0,0.864481,1,0,0
201220011,0,0,0,0,0,0,1,0,0
120012,0.900579,0,0.04963,0,0,0.0893313,0.00940586,0,0
112020000,0,0,0,0.0095,0,0.0491305,0.455789,0.410142,0.0453675
112221000,0,0,0,0,0,0,0.474995,0.00474525,0.04275
112221120,0,0,0,0,0,0,0,0,0.5
100021020,0,0.945725,0.0855,0.0863542,0,0,0.451343,0,0.0133805
2001210,0.796086,0,0,0.807244,0.949957,0,0,0,0.00789507
122101212,0,0,0,0,1,0,0,0,0
100010220,0,0,0,0.657922,0,0,0,0,1
112112220,0,0,0,0,0,0,0,0,1
22210110,0.52203,0,0,0,0,0.423225,0,0,0.9
21020010,0.504407,0,0,0,0,0.7695,0.849182,0,0.95
21020112,0.522072,0,0,0.094127,0,0.431775,0,0,0
21122112,1,0,0,0,0,0,0,0,0
121010022,0,0,0,0,0,0.0855,1,0,0
20200101,0,0,0.84645,0,0.849913,0.7695,0,1,0
100002201,0,0.864048,0,0.405679,1,0,0,0.7695,0
101202201,0,0.9,0,0,1,0,0,0,0
1102122,0,0.84645,0,0,1,0,0,0,0
11122122,1,0,0,0,0,0,0,0,0
211002210,0,0,0,0.469395,0.99999,0,0,0,0
211002,0.461819,0.456507,0.459715,0,0,0,0.944924,0.456887,0
120211122,0,0,1,0,0,0,0,0,0
1212000,0,0,0,0,0,0,1,0,0
10020201,0.854914,0,0.95,0,0,0.094811,0,0.0365513,0
211022211,0,0,0,0.5,0,0,0,0,0
121200210,0,0,0,0,0.521541,0,0,0,0.95
2121120,1,0.38475,0,0,0,0,0,0,0
20121000,0.415085,0,0.00453854,0,0,0,0.0948879,0.483712,0.0091948
20121102,1,0,0,0,0,0,0,0.0940415,0
12021,1,0,0.84645,0.835292,0,0,0.657922,0,0
2012121,1,0.474525,0,0.477945,0,0,0,0,0
22112121,1,0,0,0,0,0,0,0,0
220110012,0,0,0.855,0,0,1,0.864319,0,0
220112112,0,0,1,0,0,0,0,0,0
102022101,0,0,0,0.9,0,0,0,1,0
220101000,0,0,0.7695,0,1,0,0.854914,0.0165716,0.854999
220101102,0,0,0,0,1,0,0,0,0
201122001,0,0.474097,0,0,0,0,0.907203,0.475428,0
211122201,0,0,0,0,0,0,0,0.5,0
201000012,0,0,0,0.0657923,0.907246,0,0.07695,0,0
201002112,0,0,0,0,1,0,0,0,0
100002210,0,0.175715,0.949587,0.0328961,0,0,0,0,0.131916
101022210,0,1,0,0.854914,0,0,0,0,0.4275
101020020,0,1,0,0.853029,0,0.863635,0.000846451,0,0.0932881
10100022,0,0,0.0723715,0,0.0731018,0.0936225,0.171129,0,0
21002001,0.0365476,0,0,0.808509,0.862568,0,0.84645,0.906336,0
21212001,1,0,0,0,0,0,0,0,0
1220001,0,0.07695,0,0,0,1,0,0,0
11220201,0,0,0,0,0,1,0,0,0
122000112,0,0,0,1,0,0.427496,0,0,0
2020011,0,0.07695,0,0.7695,0,0,1,0,0
2122011,0,0.0855,0,0,0,0,0,0,0
21000102,0.84645,0,0,0.168103,1,0.864491,0,0.401698,0
21001122,0,0,0,0.855,0.99,0,0,0,0
2020110,0,0,0,0.84645,0,0.7695,0,0,1
212121,0,0.95,0,0,0,0,0,0,0
12212121,1,0,0,0,0,0,0,0,0
212001102,0,0,0,0,0.95,0,0,0.855,0
10202211,0,0,0,0,1,0,0,0,0
1221120,0.086355,0.95,0,0,0,0,0,0,0.9
211221120,0,0,0,0,0,0,0,0,1
22110,0.7695,0.855076,0.862386,0.90725,0,0,0,0,0.9
201022110,0,0,0,0,0,0,0,0,1
201020001,0,0,0,0.454923,0,1,0.86547,0.86012,0
11200200,1,0,0,0,0.891485,0.888234,0,0.7695,0.0949879
122001000,0,0,0,0.1753,0.84872,0,0,0.9025,0.864472
122001201,0,0,0,0,1,0,0,0.854914,0
201000210,0,0.451004,0,0.9025,0.073872,0.0948973,0,0,0
221010210,0,0,0,0.902505,0,0,0,0,0.004275
210220101,0,0,0.854999,0,0,0.855,0,1,0
1002210,0.502841,0,0,0.45514,0.95,0,0,0,0.483682
1202211,0,0,0,0,0,0,0,0,0
121200,0.413902,0.0811689,0.135161,0,0,0,0,0.478855,0.095
200011020,0,0,0.7695,1,0,0,0,0,0
201201012,0,0,0,0,0.09405,0,0.0855,0,0
200101002,0,0.84645,0.86355,0,1,0,0.864397,0.85595,0
10002120,0.949952,0,0.854914,0.807975,0.865945,0,0,0,0.81545
10220010,0.093195,0,0.0941442,0,0,0.475539,0.0858786,0,0.9405
12221010,0,0,0,0,0,0,0.479322,0,0
1212,0.848281,0.731024,0.763914,0.777195,0.945725,0,0,0,0
20101212,0.479655,0,0.52155,0,1,0,0,0,0
102021120,0,0.4275,0,1,0,0,0,0,0.04275
1122000,0.95,0.7695,0,0,0,0,0,0.730952,0.815823
201122010,0,0.0474524,0,0,0,0,0.0855855,0,0.9063
12022101,0,0,0,0.95,0,0,0,0,0
12122121,1,0,0,0,0,0,0,0,0
1201200,0,0,0,0,0,0,0,0.365147,1
200011002,0,0,0.7695,0,0,0,0.902932,0.889037,0
220210101,0,0,0.9,0,0,0,0,1,0
10122,0.7695,0.851983,1,0.84645,0,0.731025,0,0,0
112122,1,0,0,0,0,0,0,0,0
201102000,0,0.459741,0,0,0.949449,0,0.456621,0.456081,0.459743
201102120,0,0,0,0,1,0,0,0,0.470165
210100020,0,0,0.489383,0,0.538046,0.536723,0.516096,0,0.489782
211100022,0,0,0,0,0.093195,0,0.863559,0,0
211112022,0,0,0,0,0,0,1,0,0
210000201,0,0,0.0949954,0.494619,0.0894365,0,0,0.899809,0
212000211,0,0,0,0.0094905,1,0,0,0,0
220101,0.84645,0.535191,0.0863533,0,0,0.7695,0,1,0
12220101,0,0,0,0,0,0.5225,0,1,0
102021000,0,0.0461288,0,0.0941442,0,0,0.95,0.0458942,0.377551
10220100,0.0949546,0,0.0863935,0,0,0.50003,0,0.451867,0.0940591
110220120,0,0,1,0,0,0.479745,0,0,0.4275
120021,0.00941438,0.459377,0.0949852,0,0,0.0941392,0.0948948,0,0
1210200,0.539961,0.07695,0,0,0,0.405719,0,0.0869298,0.0949991
11210202,0,0,0,0,0,0,0,1,0
10010220,0.0945549,0,4.5613e-05,0.0533429,0,0.0818747,0,0,0.898113
110012220,0,0,1,0.0084645,0,0,0,0,0.9
10020102,0.95,0,0,0.7695,0,0.875767,0,0.361857,0
10122102,1,0,0,0,0,0,0,0,0
20112,0.95,0.0406491,0.0452462,0.0949914,0,0.0854157,0,0,0
120020112,0,0,0,1,0,0.517787,0,0,0
12200001,0.500709,0,0,0,0.949999,0,0.825929,0.82056,0
112202001,0,0,0,0,0.999,0,0.7695,0,0
112202121,0,0,0,0,1,0,0,0,0
120100020,0,0,0,0,0,0,1,0,0
200020110,0,0,0,0,0,0,0,0,1
12102,0,0,1,0.7695,0,0,0,0,0
20112102,0.9,0,0.999999,0,0,0,0,0.855,0
102012000,0,0.778896,0,0.07695,0,0,0.86261,0.863529,1
102012210,0,0.99999,0,0.7695,0,0,0,0,0
122112210,0,0,0,0,0,0,0,0,1
101202,0.84645,0,0,0,1,0,0,0,0
21211200,0.475047,0,0,0,0,0,0,0,1
1221000,0.95,0.864402,0,0,0,0,0.80412,0.731024,0
11221200,0.9,0,0,0,0,0,0,0.0855,1
120001020,0,0,0,0.0854145,0.84645,0,0.168,0,0.804127
120101220,0,0,0,0,1,0,0,0,0.854999
201200010,0,0,0,0,0.864491,0,0,0,0.7695
10202100,0,0,0.940491,0,0.07695,0,0,0.7695,0.07695
201110022,0,0.094999,0,0,0,1,0,0,0
21100020,0.807975,0,0,0,0.949965,0,0.094999,0,0.828258
21112020,0.7695,0,0,0,0,0,0.9999,0,0.855
121112022,0,0,0,0,0,0,1,0,0
100121202,0,0,0.0465975,0,0,0,0,0.000427496,0
220010100,0,0,1,0.7695,0,0.898264,0,0.86449,0.855761
220011102,0,0,0,1,0,0,0,0,0
20020110,0.855903,0,0.0361857,0.94953,0,0.869805,0,0,0
220021110,0,0,0,0,0,0,0,0,1
202112100,0,0.0470678,0,0,0,0,0,0,0.0470725
102200211,0,0,0,0,1,0,0,0,0
200020011,0,0.824127,0,0,0,0,1,0,0
210220011,0,0,0,0,0,0,1,0,0
112210122,0,0,0,0,0,0.5,0,0,0
100200201,0,0.864395,0.95,0,0.9,0.0657923,0,0.0949042,0
100201221,0,0.7695,0,0,1,0,0,0,0
110221221,0,0,1,0,0,0,0,0,0
2011002,0.896946,0.906822,0,0,0,0,0,0.441831,0
102011202,0,0.093956,0,1,0,0,0,0.7695,0
102211212,0,1,0,0,0,0,0,0,0
1020102,0.95,0.007695,0,0,0,0,0,0,0
100120020,0,0,0,0,0,0,1,0,0
100120221,0,0.09405,0.949905,0,0,0,0,0,0
100020201,0,0.0943646,0.95,0,0,0.094905,0,0.734676,0
12210000,0,0,0,0,0,0.730294,0.723715,1,0
100020012,0,0.464165,0.94953,0.460253,0,0,0,0,0
110122212,0,0,1,0,0,0,0,0,0
110202,0.076023,0,0.849905,0,0,1,0,0,0
100112202,0,0,0.000423225,0,0,0,0,0.0431775,0
20002101,0,0,0,0.7695,0,0,0,1,0
220000011,0,0,0.850069,0,0.806051,0,1,0,0
221000211,0,0,0,0.47025,0.0474567,1,0,0,0
1210002,0,0.95,0,0,0,0,0.9,0.863464,0
1212012,0,0.9,0,0,0,0,1,0,0
12210,0,1,0.84645,0.898522,0,0,0,0,0.84645
20112210,0.475,0,0.474999,0,0,0,0,0,0.945297
20201001,0,0,1,0,0,0,0,0.723715,0
2110200,0,0.862536,0,0,0,1,0,0.825004,0
2011020,0,0,0,1,0,0,0,0,0.854999
22011021,0.9,0,0,1,0,0,0,0,0
10200210,0,0,0.730952,0,1,0.7695,0,0,0
12201210,0,0,0,0,1,0,0,0,0
201010200,0,0.0862695,0,0.452556,0,0,0,0.00816525,0.0949144
201011202,0,0,0,1,0,0,0,0.855,0
102100002,0,0,0,0,0,0.7695,1,0,0
102101202,0,0,0,0,1,0,0,0,0
2002101,0,0.894848,0,0.88965,0,0,0,1,0
200200110,0,0.86444,0.7695,0,0.95,0.892626,0,0,0.9
212200110,0,0,0,0,0,0,0,0,1
121200000,0,0,0,0,0.534802,0.862576,0.458256,0.819391,0.95
121202112,0,0,0,0,1,0,0,0,0
120102000,0,0,0.892866,0,0.855863,0,0.9,0.85585,0.945724
120122001,0,0,0.04275,0,0,0,1,0.4275,0
120100200,0,0,0.406047,0,0.907194,0.452717,0,0.657922,0.450927
120100212,0,0,0,0,0.945297,0.479318,0,0,0
122110212,0,0,0,0,0,1,0,0,0
210210,0.84645,1,0.07695,0,0,0.7695,0,0,0.7695
1210212,0.470241,1,0,0,0,0.469822,0,0,0
12102210,0,0,0,0,1,0,0,0,0
210020010,0,0,0,0.0094061,0,0.0812169,0.0949051,0,0.49747
210220110,0,0,0,0,0,0,0,0,1
100022010,0,0.094905,0.090332,0.95,0,0,0.0941192,0,0
121022010,0,0,0,0.427496,0,0,0.093195,0,0.470712
121022211,0,0,0,0.5,0,0,0,0,0
12020112,0.0432245,0,0,0,0,0.047025,0,0,0
1012002,0.853687,0,0,0,0,0,1,0.870699,0
121012002,0,0,0,0.518224,0,0,0,0.907202,0
100210002,0,0.460493,0.949573,0,0,0.0804128,0.497025,0.361857,0
110210202,0,0,1,0,0,0.855,0,0.9,0
1001022,0,0.731683,0,0,0.932814,0,0.156087,0,0
1201122,0.84645,0.95,0,0,0.9,0,0,0,0
221102001,0,0,0,0,0.522496,0,0.95,0,0
12001212,0.00855,0,0,0,0.999999,0,0,0,0
112010022,0,0,0,0,0,0.000470207,0.470673,0,0
100102212,0,0.855,0.4275,0,0.38475,0,0,0,0
120112212,0,0,0.5,0,0,0,0,0,0
22001112,0.906766,0,0,0.0862695,0.047025,0,0,0,0
22121112,1,0,0,0,0,0,0,0,0
121200120,0,0,0,0,1,0.7695,0,0,0
100000221,0,0.171778,0.84645,0.731025,1,0.8645,0,0,0
120001221,0,0,1,0.7695,0,0,0,0,0
122101221,0,0,0,0,1,0,0,0,0
100102200,0,0.0849913,0.46385,0,0.464168,0,0,0.442672,0.464233
1200201,0.855,0.0940329,0,0,0.07695,1,0,0,0
11200221,0,0,0,0,0,1,0,0,0
212010000,0,0,0,0.854145,0,0.849913,0,1,0.852454
212112000,0,0,0,0,0,0,0.47025,1,0.520695
202000101,0,0.456231,0,0,0.410101,0.895571,0,1,0
211122,0.478791,0,1,0,0,0,0,0,0
20010201,1,0,0.723715,0,0,0.84645,0,0.0777195,0
120012000,0,0,0.842602,0.7695,0,0,0.945293,0.825886,0
122012010,0,0,0,0,0,0,0,0,1
22001001,0,0,0,0.0949771,0.0949991,0,0.0949855,0.0944735,0
22101021,0.0949871,0,0,0,0.999,0,0,0,0
210020211,0,0,0.470725,0.00475,0,0,0,0,0
110020200,0,0,1,0,0,0,0,0.777853,0
110020212,0,0,1,0.84645,0,0.7695,0,0,0
110221212,0,0,1,0,0,0,0,0,0
211102122,0,0,0,0,1,0,0,0,0
12020001,0.421875,0,0,0.447691,0,0.447135,0.460334,0.0949991,0
12220011,0,0,0,0,0,0.094982,1,0,0
22000101,0,0,0,0,0.7695,0.854145,0,1,0
22210101,0.9,0,0,0,0,0,0,0.9999,0
200110002,0,0.949572,0.898873,0,0,0,0.07695,0.856714,0
220110102,0,0,1,0,0,0,0,0,0
21102120,0,0,0,0,1,0,0,0,0
21210,0.496285,0.0819554,0.894861,0.0739143,0,0,0,0,0.0949991
200021211,0,0,1,0,0,0,0,0,0
1021212,0.945255,0.00941355,0,0.431775,0,0,0,0,0
211000002,0,0,0,0,0.95,0.731689,0.175362,0.81537,0
211002012,0,0,0,0,1,0,0,0,0
100210212,0,1,0,0,0,0.522447,0,0,0
200101020,0,0.7695,0.815663,0,1,0,0.854507,0,0
112212000,0,0,0,0,0,0,0,1,0
200201100,0,0.730952,0.7695,0,0.855,0,0,0.812248,0.95
202201101,0,0.855,0,0,0.474525,0,0,1,0
110020122,0,0,0,1,0,0,0,0,0
212002101,0,0,0,0,0,0,0,1,0
122011212,0,0,0,1,0,0,0,0,0
20100210,0.456161,0,0.490549,0,0,0.171854,0,0,0.498972
122100210,0,0,0,0,0.95,0,0,0,0
100021221,0,0,1,0,0,0,0,0,0
112002,0.131053,0.00812169,0.464279,0,0,0,0.095,0.0907777,0
1112022,0,0,0,0,0,0,1,0,0
120000201,0,0,0.95,0.365512,0,0.804054,0,0,0
100221000,0,0.76721,0.95,0,0,0,0.475089,0.730294,0.505178
112221102,0,0,0,0,0,0,0,0.5,0
10212120,0,0,0,0,0,0,0,0,0.95
20002011,0,0,0,0,0.657922,0,1,0,0
100100022,0,0.7695,0.0949128,0,0.0941431,0.864404,0.9999,0,0
100112022,0,0,0,0,0,0,1,0,0
21201000,0.892316,0,0,0,0.887811,0,0,0,1
2121000,0.0948195,0.401735,0,0,0,0,0.135157,0.00878042,0.0406487
102121020,0,0.855,0,0,0,0,1,0,0
2221110,0,0.478672,0,0,0,0,0,0,1
20102100,1,0,0.816432,0,0.7695,0,0,0.854145,0.888388
1012212,0.504446,1,0,0,0,0,0,0,0
101212212,0,0.99,0,0,0,0,0,0,0
202000011,0,0.7695,0,0,0,0,1,0,0
202001211,0,0,0,0,0,0,0,0,0
201200100,0,0,0,0,0,0.7695,0,0.945725,0.811942
201202110,0,0.84645,0,0,1,0,0,0,0.9
120200121,0,0,0,0,0,0,0,0,0
2112000,0.086449,0.00933827,0,0,0,0,0.0896105,0.0893393,0
221001,0,0.40206,1,0,0,0,0,0.81567,0
200221011,0,0,1,0,0,0,0,0,0
1021002,0.949996,0.0949991,0,0.369534,0,0,0.414698,0.00488164,0
21021012,0.4275,0,0,0.474525,0,0,0.47025,0,0
1221,0.855855,0.807244,1,0,0.858985,0,0,0,0
200011221,0,0.854991,0,0.999999,0,0,0,0,0
20012100,0.902504,0,0,0,0,0,0,0.854145,0.854145
22012101,1,0,0,0.855,0,0,0,0.9,0
202110000,0,0.896896,0,0,0,1,0,0,0.0864226
212110002,0,0,0,0,0,0,0,1,0
10022001,0.155149,0,0.0447058,0.446692,0,0,0.0813969,0.0460027,0
221002110,0,0,0,0.7695,1,0,0,0,0
221102112,0,0,0,0,1,0,0,0,0
2021010,0.000860559,0.0891116,0,0,0,0,0.94525,0,0.095
12200010,0,0,0,0,1,0.756611,0,0,0
12200112,0,0,0,0,1,0.854999,0,0,0
201201102,0,0.084645,0,0,1,0,0,0,0
102100200,0,0.804127,0,0,0.949573,0.816516,0,0.739058,0.86261
10120212,0.009405,0,0.09405,0,0,0,0,0,0
212100012,0,0,0,0,1,0,0,0,0
202100100,0,0.15806,0,0,0.411105,0.0891551,0,0.00855684,0.0532079
202110120,0,0.522319,0,0,0,1,0,0,0.47025
212110122,0,0,0,0,0,1,0,0,0
201020010,0,0.0402064,0,0.00731756,0,0.0949915,0.094145,0,0
1020021,0.7695,0,0,0,0,1,0.7695,0,0
1120221,0,0.84645,0,0,0,1,0,0,0
202110,0,0.864148,0,0,0,0,0,0,1
10000122,0.855,0,0.84645,0.816089,0.536535,0.9025,0,0,0
10201122,0.855,0,0.95,0,0.465971,0,0,0,0
12211122,0.5,0,0,0,0,0,0,0,0
2210010,0.657922,0,0,0,0,0.821078,0.857449,0,0.95
102210210,0,0,0,0,0,0.95,0,0,0.9
122211210,0,0,0,0,0,0,0,0,1
22121001,0,0,0,0,0,0,0,0,0
101022000,0,0.9,0,0.95,0,0,0,0.777996,0.854914
22100001,0,0,0,0,0,0.863069,0.86261,0.833309,0
22120101,1,0,0,0,0,0,0,0.9,0
2101212,0.084645,0,0,0,0.99999,0,0,0,0
112000020,0,0,0,0.175616,0.1304,0.45609,0.462821,0,0.459784
10102002,0,0,0.949568,0,0,0,0,0.859635,0
211102002,0,0,0,0,0.95,0,0,0,0
201000102,0,0,0,0,1,0.776737,0,0,0
20010120,0.796816,0,1,0.7695,0,0.849766,0,0,0.731018
20112120,0,0,0.9,0,0,0,0,0,0.95
12000102,0.0771191,0,0,0.0942161,0.0820846,0.45649,0,0.0903842,0
1002120,0.949999,0,0,0.7695,0.9,0,0,0,0.7695
221100,0.488028,0.89916,0.7695,0,0,0,0,0,0.95
120221100,0,0,0,0,0,0,0,0.475475,0.000855
112200,0.126533,0.456557,0.460174,0,0,0,0,0.456196,0.456508
112212,0,1,0,0,0,0,0,0,0
212211,0.999,0,0,0,0,0,0,0,0
211100220,0,0,0,0,0.431347,0.0949915,0,0,0
211112220,0,0,0,0,0,0,0,0,0.5
10210020,0.863549,0,0.94953,0,0,0.812088,0.896868,0,0.855338
110212122,0,0,1,0,0,0,0,0,0
101002002,0,0,0,0,0.541647,0,0.95,0.892966,0
101212002,0,0.9,0,0,0,0,1,0,0
20000211,0.504769,0,0.501045,0.495144,0.464047,0.17622,0,0,0
220010211,0,0,0.470677,0.047072,0,0,0,0,0
210122121,0,0,0.5,0,0,0,0,0,0
20100201,0.796086,0,0.815597,0,0.95,0.854145,0,0.365476,0
120100221,0,0,0.07695,0,0.9,0,0,0,0
121102221,0,0,0,0,1,0,0,0,0
12001002,0.731024,0,0,0.7695,0.945678,0,0.897695,0,0
12001122,0,0,0,0.95,0.897314,0,0,0,0
110202000,0,0,0.9,0,0.95,0,0,0,0
10200102,0.949136,0,0.803323,0,0.7695,0.804127,0,0,0
10100202,0.0855,0,0.0863644,0,0.0920792,0,0,0.174981,0
210110202,0,0,0.7695,0,0,1,0,0,0
211112202,0,0,0,0,0,0,0,1,0
21002010,0.0657923,0,0,0,0.526994,0,0.95,0,0.887893
21012210,0.521549,0,0,0.47491,0,0,0,0,0.47975
102020010,0,0,0,0,0,0.328961,0.94953,0,0.7695
102021012,0,0.474572,0,0,0,0,0.522452,0,0
112221012,0,0,0,0,0,0,0.5,0,0
212112021,0,0,0,0,0,0,0.5,0,0
100010022,0,0,0.860152,0,0,0.7695,0.95,0,0
120010122,0,0,0.9,0,0,0.95,0,0,0
122011122,0,0,0,1,0,0,0,0,0
212110020,0,0,0,0,0,1,0.5225,0,0.469822
12221112,0.5,0,0,0,0,0,0,0,0
120001122,0,0,0,1,0.84645,0,0,0,0
200010102,0,0.730294,1,0.854914,0,0.890342,0,0.864148,0
212211102,0,0,0,0,0,0,0,1,0
201020100,0,0.494611,0,0.0886238,0,0.0942723,0,0.095,0.133395
112021122,0,0,0,1,0,0,0,0,0
110220,0.854145,0.7695,0.0398043,0,0,1,0,0,0.854991
1112220,0.95,0.00423225,0,0,0,0,0,0,0.4275
122001,0.861242,0.848354,0,0,0,0,0.95,0.483687,0
20122011,0.38475,0,0.854914,0,0,0,1,0,0
120122211,0,0,0.5,0,0,0,0,0,0
100202001,0,0,0,0,1,0,0,0,0
22010010,0.464352,0,0,0.0876498,0,0.0945836,0.0885178,0,0.0949992
22011012,0,0,0,1,0,0,0,0,0
112020,0.831569,0.328961,0,0,0,0,0.95,0,0.536992
10112220,0.0941449,0,0,0,0,0,0,0,0.475428
210112221,0,0,0.5,0,0,0,0,0,0
200021001,0,0.824924,0.9,0.459568,0,0,0.8645,0.95,0
100200021,0,0,0,0,0.9,0.95,0.730294,0,0
100212,0.151094,0.0804127,0.731024,0,0.95,0.497055,0,0,0
100120212,0,0.00949051,0.475,0,0,0.43225,0,0,0
120121212,0,0,0.5,0,0,0,0,0,0
200010021,0,0.485766,0.95,0.7695,0,0.486709,0.496636,0,0
211212021,0,0,0,0,0,0,1,0,0
120101202,0,0,0.427457,0,1,0,0,0.854999,0
11022000,1,0,0,0,0,0,0,0,0.730952
211020000,0,0,0,0.0402072,0,0.000941356,0.0441019,0.0402466,0.95
212001021,0,0,0,0.47543,0.475432,0,0.474525,0,0
212101221,0,0,0,0,1,0,0,0,0
21122010,0.4617,0,0,0,0,0,0.95,0,0.812207
121122210,0,0,0,0,0,0,0,0,0.5
10121202,0,0,0,0,0,0,0,0,0
22102101,0,0,0,0,0,0,0,1,0
102010020,0,0,0,0.7695,0,0.84645,0,0,1
112010220,0,0,0,0.0863549,0,0.094905,0,0,0
20000121,0.777613,0,0.86449,0.731025,0.949957,0.812235,0,0,0
20011122,0,0,0,1,0,0,0,0,0
11220,0,0.850556,0,1,0,0,0,0,0
12001020,0.442234,0,0,0.94158,0.464286,0,0.405719,0,0.446737
12121020,0.000949137,0,0,0,0,0,0.902547,0,0.470293
212121021,0,0,0,0,0,0,0.5,0,0
101000202,0,1,0,0.807974,0,0,0,0.802396,0
121000212,0,0,0,0.465975,0.474995,0.474525,0,0,0
121102212,0,0,0,0,0.5,0,0,0,0
120000210,0,0,0.409301,0.486964,0.456527,0.902491,0,0,0.464316
122001210,0,0,0,0.855,0.95,0,0,0,0
201211020,0,0,0,0,0,0,1,0,0.9
220001010,0,0,0.902547,0.0905705,0.0731024,0,0,0,0.861571
220121211,0,0,1,0,0,0,0,0,0
200100021,0,0.730952,0.541693,0,0.456402,0.949811,0.723715,0,0
220101021,0,0,0,0,0.99999,0,0,0,0
2102100,1,0,0,0,0.891097,0,0,0.84645,0.7695
2112120,1,0.4275,0,0,0,0,0,0,0.521336
120020010,0,0,0.47078,0.812245,0,0.0902402,0.949957,0,0.540874
112021002,0,0,0,0.00941355,0,0,0.479279,0.432207,0
20210001,1,0,0.854145,0,0,0.7695,0,0,0
20210112,0,0,1,0,0,0.522071,0,0,0
220211112,0,0,1,0,0,0,0,0,0
210210000,0,0,0.841871,0,0,0.328961,0.7695,1,0
21221100,0,0,0,0,0,0,0,0,0.99999
121120002,0,0,0,0,0,0.427072,1,0.855,0
110022000,0,0,1,0.0947255,0,0,0.00940492,0,0.897583
11122200,1,0,0,0,0,0,0,0,0.479654
22001211,0.00949998,0,0,0,0,0,0,0,0
202102110,0,0.855,0,0,0,0,0,0,0.99999
102100020,0,0.7695,0,0,0.863417,0,1,0,0.82602
102110022,0,0,0,0,0,0.9,1,0,0
120120,1,0.730952,0.823292,0,0,0,0,0,0
22101120,0.9,0,0,0,1,0,0,0,0
22201101,0,0,0,0,0,0,0,1,0
201001212,0,0,0,0,0.093195,0,0,0,0
221011212,0,0,0,1,0,0,0,0,0
2120001,0.07695,0.774813,0,0,0,3.65513e-05,0.95,0.09405,0
212120001,0,0,0,0,0,0.427543,0.522068,0.0855855,0
122010,0.500708,0.820168,0.808806,0,0,0,0.95,0,0.842602
2121,0.804119,0.859721,0.859453,0.84645,0.945682,0,0,0,0
12002121,0.95,0,0,0,0.479317,0,0,0,0
212012121,0,0,0,0.5,0,0,0,0,0
100202100,0,0.80412,0.85595,0,0.945678,0,0,0.7695,0.77681
101202120,0,0.9,0,0,1,0,0,0,0.854999
12022110,0,0,0,0.863549,0,0,0,0,1
121202211,0,0,0,0,1,0,0,0,0
200110221,0,0,0.7695,0,0,1,0,0,0
221110221,0,0,0,0,0,1,0,0,0
120002010,0,0,0,0.406121,0.492538,0,0.949953,0,0.84645
120022011,0,0,0,0,0,0,1,0,0
200120001,0,0.455425,0.463625,0,0,0.464527,0.455789,0.455784,0
200121021,0,0.423225,1,0,0,0,0.4275,0,0
212001,1,0,0.862686,0,0,0,0.7695,0,0
200212101,0,0,0.9,0,0,0,0,1,0
12220110,0,0,0,0,0,0,0,0,1
22000011,0.7695,0,0,0,0.84645,0.657922,1,0,0
22021011,0.093195,0,0,0,0,0,1,0,0
122221011,0,0,0,0,0,0,1,0,0
200012112,0,1,0,0.00855,0,0,0,0,0
10010022,0.0949096,0,0.0949145,0.00825674,0,0.0842636,0.464359,0,0
10012122,0,0,1,0,0,0,0,0,0
101221200,0,0,0,0,0,0,0,0,1
12000012,0.474837,0,0,0,1,0,0.7695,0,0
112200012,0,0,0,0,0.9,0.469822,0,0,0
201100020,0,0,0,0,0.167441,0.07695,0.45176,0,0.945239
201102021,0,0.38475,0,0,0.522453,0,0.479322,0,0
211122021,0,0,0,0,0,0,0.5,0,0
212221011,0,0,0,0,0,0,1,0,0
210221100,0,0,0,0,0,0,0,0.7695,0.95
212221110,0,0,0,0,0,0,0,0,1
102021021,0,4.65971e-05,0,0,0,0,0.431822,0,0
112221021,0,0,0,0,0,0,0.5,0,0
2010201,0,0.889111,0,0.899127,0,0.81225,0,0.902975,0
12012201,1,0,0,0,0,0,0,0,0
220120110,0,0,0.0949897,0,0,0,0,0,1
212210100,0,0,0,0,0,0.84645,0,1,0
122021001,0,0,0,0,0,0,0.095,0.855,0
10220112,0.4275,0,0,0,0,0.0431732,0,0,0
1022100,0.0855,0.450975,0,0.535415,0,0,0,0.170779,0
100221,0.84645,0.730294,0.723715,0,0.95,0.7695,0,0,0
21122001,0,0,0,0,0,0,0.0855941,0.4275,0
202021110,0,0,0,0,0,0,0,0,1
12022011,0,0,0,0,0,0,1,0,0
21102000,0.806015,0,0,0,0.5359,0,0.94572,0.531604,0.080412
221102010,0,0,0,0,0,0,0.95,0,0
221122110,0,0,0,0,0,0,0,0,1
12221001,0.432207,0,0,0,0,0,0,0.009405,0
1212210,0,1,0,0,0,0,0,0,0
221000121,0,0,0,0,0,1,0,0,0
200012010,0,0.9,0.95,0.813034,0,0,0,0,0.854991
200112210,0,1,0.84645,0,0,0,0,0,0
200110200,0,0,0,0,0,1,0,0.807975,0
10002201,0.949957,0,0.401662,0.851235,0,0,0,0.892312,0
10122201,0,0,0.475043,0,0,0,0,0,0
200002011,0,0,0.86184,0.898772,0.856876,0,1,0,0
210122211,0,0,0.5,0,0,0,0,0,0
201210000,0,0.854145,0,0,0,0,1,0.0723715,0.854999
221210010,0,0,0,0,0,0,1,0,0.084645
211200000,0,0,0,0,0.0948878,0.0893394,0.168914,0.84645,0.0804047
211210002,0,0,0,0,0,0,0,1,0
1122102,1,0,0,0,0,0,0,0.093879,0
12200100,0.804127,0,0,0,0,0.731025,0,0.95,0.875768
201012000,0,0,0,0.809129,0,0,1,0.855722,0
201212010,0,1,0,0,0,0,0.9,0,0
212201010,0,0,0,0,0.99999,0,0,0,0.000938791
2100210,0.0731025,0.094978,0,0,0.902547,0.009234,0,0,0.0731025
212100210,0,0,0,0,1,0,0,0,0.0940329
10001202,0.0949999,0,0,0.940575,0.0941157,0,0,0.0823399,0
12011202,0.7695,0,0,1,0,0,0,0,0
112211202,0,0,0,0,0,0,0,1,0
221012010,0,0,0,0.897622,0,0,1,0,0
20102112,1,0,0,0,0,0,0,0,0
101120220,0,1,0,0,0,0,0,0,0
122100012,0,0,0,0,0,0,1,0,0
20120010,0.851067,0,0.812169,0,0,0.672397,0.902975,0,0.5372
11022021,1,0,0,0.854914,0,0,0.4275,0,0
100002102,0,0,0.863464,1,0.00949905,0,0,0.084645,0
201102,0.459011,0.455679,0.46436,0,0.464274,0,0,0.865944,0
11221122,1,0,0,0,0,0,0,0,0
200100201,0,0,0.45526,0,0.95,0,0,0.528283,0
221100201,0,0,0,0,0.521926,1,0,0.4275,0
221112201,0,0,0,0,0,0,0,0.5,0
212121120,0,0,0,0,0,0,0,0,0.5
1200021,0.7695,0.825066,0,0,0.95,0.9,0.859104,0,0
201200121,0,0.95,0,0,0,0,0,0,0
220011120,0,0,1,0.9,0,0,0,0,0.84645
10022100,0.00863465,0,0,0.46389,0,0,0,0.0949906,0.0811519
210022110,0,0,0,0,0,0,0,0,1
100102002,0,0.0949997,0.812362,0,0.094904,0,1,0.46034,0
101102022,0,0.9,0,0,0,0,1,0,0
1102020,0.902505,0.854145,0,0,0.7695,0,0.84645,0,0.723715
121122000,0,0,0,0,0,0,1,0.7695,0.431771
201002100,0,0.780904,0,0.541694,1,0,0,0.854145,0.44631
201122100,0,0.04275,0,0,0,0,0,0.000855864,0.475428
120201120,0,0,0.0854914,0,0,0,0,0,0
12021102,0.475427,0,0,0.094906,0,0,0,0,0
121121202,0,0,0,0,0,0,0,0.5,0
21002100,0,0,0,0.854914,1,0,0,0,0.7695
102000210,0,0,0,0.170482,0.949995,0.0900702,0,0,0
121211202,0,0,0,0,0,0,0,0.5,0
201010020,0,0.500675,0,0.876499,0,0.863644,1,0,0.860771
2012010,0.777964,1,0,0,0,0,0,0,0
112000200,0,0,0,0.00731025,0.170925,0.090241,0,0.0899692,0.00949999
202102101,0,0.521541,0,0,0,0,0,1,0
120101022,0,0,0,0,1,0,0,0,0
220100010,0,0,0.902483,0,0.0937288,0.0947079,0.0812169,0,0.511717
20112021,0.9,0,0,0,0,0,0.95,0,0
220112121,0,0,1,0,0,0,0,0,0
120002001,0,0,0.81783,0.893236,1,0,0.7695,0.7695,0
122102001,0,0,0,0,0,0,0.9,0.95,0
211020,0,0.361857,0.90725,0,0,0,0.880346,0,0.803981
212211021,0,0,0,0,0,0,0.5,0,0
2010012,0.657922,1,0,0,0,0.855417,0.899632,0,0
2011212,0.95,0,0,0.9,0,0,0,0,0
20121012,0.475047,0,0.470677,0,0,0,0.00855846,0,0
221020110,0,0,0,0.855,0,0,0,0,1
202101120,0,0.854145,0,0,1,0,0,0,0.0423225
11102220,1,0,0,0,0,0,0,0,0.522405
211200,0.175632,0.0899152,0.00085915,0,0,0,0,0.090348,0.0941433
21220101,0,0,0,0,0,0.9,0,0.9999,0
21200100,0.0731021,0,0,0,1,0,0,0.730294,0.85594
221012001,0,0,0,0,0,0,1,0.47025,0
210110220,0,0,0.00427457,0,0,1,0,0,0.897322
122110200,0,0,0,0,0,0.9,0,0.95,0
201012012,0,0,0,0,0,0,1,0,0
120000120,0,0,0,1,0.84645,0,0,0,0
122000121,0,0,0,1,0.9,0.00948948,0,0,0
221211000,0,0,0,0,0,0,0,0,1
200102121,0,0.474952,0.47538,0,0.475432,0,0,0,0
112000002,0,0,0,0.00923489,0.459043,0.490957,0.0865173,0.0405719,0
120012012,0,0,0.47025,0.0474568,0,0,0.855855,0,0
122010210,0,0,0,0.855,0,0.84645,0,0,1
221001000,0,0,0,0,0,0,0.84645,0.842602,1
221001102,0,0,0,0.093879,1,0,0,0,0
21200121,0.7695,0,0,0,1,0,0,0,0
220121010,0,0,0.0864482,0,0,0,0,0,0
221121210,0,0,0,0,0,0,0,0,1
100102020,0,0.7695,0.804054,0,0.657922,0,0.9,0,0.949995
100120002,0,0,0.7695,0,0,0.854914,1,0,0
12000120,0.501057,0,0,0.496143,0.45884,0.455271,0,0,0.490514
102102000,0,0,0,0,0,0,1,0.863379,0.7695
200122101,0,0.47025,0.855,0,0,0,0,1,0
210200100,0,0,0.73872,0,0.7695,0.80412,0,0,0.94572
201201120,0,0.95,0,0,0.9,0,0,0,0.9
202011210,0,1,0,0.9,0,0,0,0,0
12012,0.482705,1,0.825763,0.861707,0,0,0.864483,0,0
2200110,0,0,0,0,0,0.8244,0,0,1
200121,0.438615,0,0.902975,0,0,0.438615,0,0,0
1220121,0,0.07695,0,0,0,1,0,0,0
211220121,0,0,0,0,0,1,0,0,0
221000100,0,0,0,0.898696,0.9,0.95,0,0.7695,0
221201100,0,0,0,0,0.9,0,0,0.949991,0.9
22011,0.862694,0.464167,0.770354,0.895063,0,0,1,0,0
2211,0.464151,0.131917,0.00365914,0.479673,0.7695,0,0,0,0
210002211,0,0,0.46978,0,1,0,0,0,0
120120000,0,0,0,0,0,0,1,0.657922,0
120120201,0,0,0.4275,0,0,0,0,0.47025,0
112000212,0,0,0,0,1,0.094905,0,0,0
21021102,0.0431775,0,0,0,0,0,0,0.0047025,0
100220001,0,0.0361857,0.0949136,0,0,0.949992,0.0981553,0.0894239,0
110220021,0,0,0,0,0,0.949996,0.00423225,0,0
20200011,0.7695,0,0.86261,0,0.84645,0.7695,1,0,0
220201011,0,0,1,0,0,0,0,0,0
122000211,0,0,0,0.0949048,1,0,0,0,0
1122201,0.945255,0.475043,0,0,0,0,0,0.475,0
121122012,0,0,0,0,0,0,1,0,0
221001012,0,0,0,0,0.95,0,0,0,0
121212000,0,0,0,0,0,0,1,0.854991,0.9
112002120,0,0,0,0.9,0,0,0,0,0.95
120201021,0,0,0,0,1,0,0,0,0
200011200,0,0,0,1,0,0,0,0,0
201110202,0,0.09405,0,0,0,1,0,0,0
120202110,0,0,0.09405,0,0.84645,0,0,0,1
120110220,0,0,0,0,0,0.999,0,0,0
10201002,0.870621,0,0.175722,0,0.529304,0,0.496648,0.479014,0
110201022,0,0,1,0,0,0,0.512991,0,0
221100120,0,0,0,0,1,0.07695,0,0,0.84645
221101122,0,0,0,0,1,0,0,0,0
1021122,0.0863559,0.0855,0,0,0,0,0,0,0
2210211,1,0.9,0,0,0,0.00940406,0,0,0
110020002,0,0,1,0,0,0.841871,0,0,0
100100220,0,0.0825917,0.0855947,0,0.0939637,0.0923487,0,0,0.7695
210200001,0,0,0.731025,0,0.734872,0.438611,0.949573,0,0
212210001,0,0,0,0,0,0,0.522405,1,0
200201112,0,0.84645,0,0,0.95,0,0,0,0
220000110,0,0,0.88107,0,0.0949999,0.0854999,0,0,1
220012110,0,0,0,0,0,0,0,0,1
201201,0.8645,0.804127,1,0,0,0,0,0.789507,0
10012020,0.95,0,0.110023,0.845255,0,0,0.82013,0,0
210112020,0,0,0.94525,0,0,0,0.475043,0,0.475
122100000,0,0,0,0,0.7695,0.84645,1,0.7695,0
122110020,0,0,0,0,0,1,0,0,0
202120101,0,0.522068,0,0,0,0.427072,0,1,0
22012011,1,0,0,0.7695,0,0,0.9,0,0
22112211,1,0,0,0,0,0,0,0,0
210102120,0,0,0.522448,0,0.89775,0,0,0,0.474482
210000021,0,0,0,0.463406,0.479552,0.456977,0.456163,0,0
210002121,0,0,0.474482,0.47025,0.522457,0,0,0,0
121210002,0,0,0,0,0,0.522319,0.999999,0.50445,0
121211022,0,0,0,0,0,0,1,0,0
201020121,0,0,0,0,0,1,0,0,0
122201211,0,0,0,0,1,0,0,0,0
121001220,0,0,0,0,0.864311,0,0,0,0
121211220,0,0,0,0,0,0,0,0,1
210012,0.817421,1,0.805686,0,0,0.854145,0.817401,0,0
121102200,0,0,0,0,0.479702,0,0,0.474952,0.4275
121112202,0,0,0,0,0,0,0,0.5,0
10020021,0.85267,0,0.95,0.0730294,0,0.500623,0,0,0
110022021,0,0,0,0.95,0,0,0,0,0
120011202,0,0,0,1,0,0,0,0,0
220011000,0,0,0,1,0,0,0,0.730294,0.7695
220011012,0,0,0.95,0,0,0,0,0,0
210201000,0,0,0.748159,0,0.085071,0,0.9025,0.0802666,0.0948597
211221000,0,0,0,0,0,0,0.854999,0,1
201120,0.746296,0.490839,0.9025,0,0.483847,0,0,0,0
20211120,0,0,0.9,0,0,0,0,0,0.95
21002121,0,0,0,0.854914,0.99999,0,0,0,0
2211201,1,0.854145,0,0,0,0,0,0,0
11202201,1,0,0,0,0,0,0,0,0
100022100,0,0.0854145,0,1,0,0,0,0.855,0
100022001,0,0.00731018,0.0945105,0.459607,0,0,0.0949905,0.452163,0
100212000,0,0,0,0,0,0,0,0.941449,0.9
110212002,0,0,1,0,0,0,0,0.9,0
12100002,0.0881077,0,0,0,0.07695,0.0945458,0.168605,0.0855,0
12110202,0,0,0,0,0,0,0,1,0
2100201,0.84645,0.804127,0,0,0.949957,0.84645,0,0.804127,0
102102201,0,0,0,0,1,0,0,0,0
201012,0.451298,0.447197,0.490915,0,0.949166,0,0.0811357,0,0
12201012,0.474516,0,0,0,0.9999,0,0.47025,0,0
210102000,0,0,0.495598,0,0.496339,0,0.491822,0.463219,0.495952
100012002,0,0.0855,0.870617,0.446118,0,0,0.095,0.0855,0
100012122,0,0,0,1,0,0,0,0,0
210101220,0,0,0,0,0.9,0,0,0,0.95
210121221,0,0,1,0,0,0,0,0,0
12122100,0,0,0,0,0,0,0,0,0.95
202201110,0,0.95,0,0,0,0,0,0,0.9
210000120,0,0,0.491509,0.451944,0.456307,0.902496,0,0,0.491484
210012120,0,0,1,0.522496,0,0,0,0,0.84645
201101220,0,0.854145,0,0,1,0,0,0,0
120020001,0,0,0.0442426,0,0,0.167609,0.095,0.945203,0
121022001,0,0,0,0.47025,0,0,0,0.00427457,0
220012011,0,0,0.902975,0,0,0,0,0,0
221212011,0,0,0,0,0,0,1,0,0
110221002,0,0,1,0,0,0,0,0,0
12211200,0.95,0,0,0,0,0,0,0,0
100002021,0,0.804127,0.7695,0.723715,1,0,0.804127,0,0
100102221,0,0.95,0.84645,0,0,0,0,0,0
110022,0.0949905,0.0928824,0,0,0,1,0.864234,0,0
210110022,0,0,0.0940499,0,0,1,0.854145,0,0
221010021,0,0,0,0,0,1,0.9,0,0
10200012,0.7695,0,0.0854145,0,1,0.848645,0.76721,0,0
11200212,1,0,0,0,0.9,0.855,0,0,0
200001102,0,0.0812169,0.854999,0,0.945725,0,0,0.0900767,0
12002010,0.0657923,0,0,0,1,0,0,0,0
200102112,0,0,0.00948964,0,0.000939645,0,0,0,0
10001220,0.0819559,0,0,0.17617,0.0906395,0,0,0,0.906818
200112000,0,0.452845,0.464354,0,0,0,0.0899851,0.45631,0.451177
102020001,0,0.153523,0,0.0949051,0,0.480283,0.95,0.0864485,0
112220001,0,0,0,0,0,0.0474525,0.474525,0,0
102020100,0,0,0,1,0,0.365509,0,0.7695,0
102220110,0,0,0,0,0,0.4275,0,0,1
100020102,0,0.854145,0.877208,1,0,0.856924,0,0.501023,0
100210020,0,0.95,0.84645,0,0,0.0723715,0.839904,0,0
101212020,0,1,0,0,0,0,0,0,0.9
10210200,0,0,0,0,0,0,0,1,0
21020100,0.439386,0,0,0.0731025,0,0.084645,0,0.949959,0.0863876
21220110,0,0,0,0,0,0.522398,0,0,0.99999
1211022,0,0.854914,0,0,0,0,1,0,0
220001001,0,0,1,0,0,0,0,0,0
220120011,0,0,0,0,0,0,1,0,0
22110201,0.9,0,0,0,0,1,0,0,0
2001201,0.804127,0.0731025,0,0,0.90725,0,0,0.0878898,0
22011201,0.9,0,0,1,0,0,0,0,0
2101221,0.0855,0,0,0,0.999999,0,0,0,0
112201020,0,0,0,0,0.470246,0,0.474525,0,0.90297
2101020,0,0,0,0,1,0,0,0,0.7695
11020002,1,0,0,0,0,0,0,0,0
210002112,0,0,0,0,1,0,0,0,0
2211210,0.854914,1,0,0,0,0,0,0,0
102200100,0,0.486943,0,0,0.483267,0.535159,0,0.496687,0.95
112202100,0,0,0,0,0.0855,0,0,0,0.854999
221112000,0,0,0,0,0,0,1,0.52249,0.512995
110120220,0,0,1,0,0,0,0,0,0.854999
2211021,0.99999,0.52155,0,0,0,0,0.521541,0,0
20100012,0.944493,0,0.780919,0,0.450539,0.7695,0.859652,0,0
20110212,0.470165,0,0.479706,0,0,1,0,0,0
120001200,0,0,0.496028,0,0,0,0,0,0.949999
120201201,0,0,0,0,1,0,0,0,0
11000022,1,0,0,0.751567,0.084645,0.820522,0.894293,0,0
2211102,0.474525,0.475047,0,0,0,0,0,0.945678,0
10221201,0,0,1,0,0,0,0,0,0
120001212,0,0,0.474478,0.95,0,0,0,0,0
120210,0.0447103,0.125859,0.46351,0,0,0.00410664,0,0,0.0479342
121201122,0,0,0,0,1,0,0,0,0
21012000,0,0,0,0,0,0,1,0,0
101200020,0,1,0,0,0.723715,0,0,0,0
101210022,0,0,0,0,0,0.95,0,0,0
21102021,0,0,0,0,0.95,0,0,0,0
221112021,0,0,0,0,0,0,1,0,0
100001202,0,0.00855,0.438615,0.049319,0.0949958,0,0,0.495557,0
212100021,0,0,0,0,0.945293,0.474952,0.474909,0,0
102201210,0,0,0,0,0.95,0,0,0,0.854999
120220110,0,0,0.038475,0,0,0.475475,0,0,1
121220112,0,0,0,0,0,0.5,0,0,0
1221012,0.902547,0.00855,0,0,0,0,0.4275,0,0
120122010,0,0,0.4275,0,0,0,1,0,0.469822
210000102,0,0,0.7695,0,0.949568,0.088454,0,0.0804128,0
212010102,0,0,0,0,0,0.95,0,0.9,0
10000212,0.176144,0,0.95,0.854145,0.9,0.81743,0,0,0
11002212,0.9,0,0,0.854145,1,0,0,0,0
1120002,0.95,0.0948178,0,0,0,0,0.0824775,0.0511571,0
1121022,0,0,0,0,0,0,0,0,0
201102210,0,0.479227,0,0,0.518182,0,0,0,0.427457
201200001,0,0,0,0,0,1,0,0,0
21021,0.0927371,0,1,0,0,0,0.855,0,0
100221021,0,0.84645,1,0,0,0,0,0,0
112202010,0,0,0,0,0.9,0,0,0,0.854999
220101210,0,0,0,0,1,0,0,0,0
120210210,0,0,0,0,0,0.84645,0,0,1
200001210,0,0.0940586,0.0796817,0.175412,0.0863645,0,0,0,0.00731025
201120000,0,0.0451237,0,0,0,0.08645,0.455348,0.487269,0.95
201121200,0,0.0939645,0,0,0,0,0,0,1
1120020,0,0.54132,0,0,0,0,0,0,0.157363
11120022,1,0,0,0,0,0,0.084645,0,0
120021000,0,0,0.454965,0.0455801,0,0,0.0505064,0.500308,0.0082175
121021200,0,0,0,0,0,0,0,0.854991,1
11012202,1,0,0,0.854914,0,0,0,0,0
22010001,1,0,0,0.811822,0,0.166862,0.7695,0.0927944,0
220112010,0,0,0.475043,0,0,0,0.0863644,0,0.47025
101012220,0,1,0,0.0854915,0,0,0,0,0
12012021,0,0,0,0.949568,0,0,0.427457,0,0
201011220,0,0,0,0.9,0,0,0,0,0.9
10202001,0.0939644,0,0,0,0,0,0.888772,0,0
110202021,0,0,1,0,0.9,0,0.854991,0,0
121020000,0,0,0,0.0500675,0,0.000949424,0.00495725,0.49146,0.403013
121022100,0,0,0,1,0,0,0,0,0
201001200,0,0.095,0,0.887657,0,0,0,0,1
102210000,0,0,0,0,0,0.442462,0.442426,0.365147,1
212001000,0,0,0,0.084645,0.945254,0,0.731018,0,0.109654
212101020,0,0,0,0,1,0,0.84645,0,0.854145
110022120,0,0,1,0,0,0,0,0,0.864319
10200120,0.541322,0,0.949957,0,0.499434,0.495846,0,0,0.852375
110202120,0,0,0,0,0.95,0,0,0,0.0854915
122200011,0,0,0,0,0.9999,0.84645,0,0,0
1022121,0,0.04275,0,0.4275,0,0,0,0,0
110220201,0,0,0,0,0,0.941355,0,0,0
10102200,0.101236,0,0.497148,0,0.0811438,0,0,0.90678,0.492756
210102201,0,0,0.4275,0,0.47974,0,0,0.479318,0
12101022,0,0,0,0,0.9,0,0.95,0,0
120012120,0,0,0,1,0,0,0,0,0
120020100,0,0,0,1,0,0,0,0,0
2001102,0.496931,0,0,0.949953,0.823177,0,0,0.804785,0
202101102,0,0.0855,0,0,1,0,0,0,0
11200002,0,0,0,0,0.95,0.849913,0.863379,0.864497,0
11220102,1,0,0,0,0,0,0,0,0
201012210,0,1,0,0.854145,0,0,0,0,0.47025
10010202,0.817463,0,0.864405,0.0847297,0,0,0,1,0
122221110,0,0,0,0,0,0,0,0,1
10201212,0.949982,0,0,0,0,0,0,0,0
112201212,0,0,0,0,1,0,0,0,0
2102211,0.7695,0,0,0,0.95,0,0,0,0
122102211,0,0,0,0,1,0,0,0,0
121021002,0,0,0,4.31776e-10,0,0,0.0427504,0.475,0
121221102,0,0,0,0,0,0,0,0.5,0
20001120,0.167478,0,0.093956,0.07695,0.84645,0,0,0,0.850297
122020011,0,0,0,0.949142,0,0,0,0,0
122122011,0,0,0,0,0,0,1,0,0
10021002,0.945297,0,0.100544,0.160899,0,0,0.406531,0.0122572,0
110021022,0,0,0.9,0,0,0,0.95,0,0
10120020,0.95,0,0.7695,0,0,0,0.731018,0,0.730294
1012200,0.949059,0.86306,0,0.494976,0,0,0,0,0.825355
11012220,1,0,0,0.0431818,0,0,0,0,0.4275
20012211,1,0,0.4275,0.427072,0,0,0,0,0
120211020,0,0,0.95,0,0,0,0,0,0
1120212,0.479703,0.0949991,0,0,0,0.469822,0,0,0
20011200,0.7695,0,0.398043,1,0,0,0,0,0.7695
120211200,0,0,0.423225,0,0,0,0,0,1
201112200,0,0.47975,0,0,0,0,0,0.475047,0.47025
110200200,0,0,1,0,0.84645,0.897374,0,0.863431,0.831145
110212200,0,0,0.9,0,0,0,0,1,0.9
210102,0.496574,0.896928,1,0,0,0.84645,0,0.854145,0
200211102,0,0.95,0.9,0,0,0,0,0.854999,0
1202112,0,0,0,0,1,0,0,0,0
102001200,0,0.811438,0,0.84645,0.906818,0,0,0.796744,0
101202102,0,1,0,0,0,0,0,0,0
200010201,0,0.0863071,0.0454914,0.949507,0,0.093195,0,0.049738,0
220011201,0,0,0,1,0,0,0,0,0
121202121,0,0,0,0,1,0,0,0,0
121012212,0,0,0,0.5,0,0,0,0,0
102200112,0,0.04275,0,0,0.4275,0.469822,0,0,0
121221000,0,0,0,0,0,0,0,0.84645,1
210211002,0,0,0,0,0,0,0.95,0,0
211002000,0,0,0,0.490948,0.95,0,0.0897199,0.406077,0.884532
20211000,0.807975,0,0.949568,0,0,0,0.146205,0.731025,0.86334
11201022,0.9,0,0,0,0.009405,0,0.95,0,0
12000021,0.456271,0,0,0.898476,0.365512,0.488293,0.495017,0,0
12020121,0.517754,0,0,0.475043,0,0.469822,0,0,0
12221121,0.5,0,0,0,0,0,0,0,0
202021101,0,0.51291,0,0.427457,0,0,0,1,0
20100120,1,0,0.723715,0,0,0,0,0,0
1100022,0,0.803389,0,0,0,0,0.95,0,0
211021200,0,0,0,0.855,0,0,0,0,1
20221011,0,0,1,0,0,0,0,0,0
12010002,0,0,0,0.0854145,0,0,0,1,0
11002200,1,0,0,0,0.7695,0,0,0.7695,0.394753
200210112,0,0,1,0,0,0,0,0,0
100221201,0,0,1,0,0,0,0,0.854991,0
221000010,0,0,0,0.809903,0.501517,0.819776,0.94945,0,0
221100012,0,0,0,0,0.95,0,0.0855,0,0
1100220,0.167367,0.0418995,0,0,0,0.95,0,0,0
21201,0.804047,0.854145,1,0.7695,0,0,0,0,0
120021201,0,0,0.99999,0,0,0,0,0.094144,0
21202101,0,0,0,0,0,0,0,1,0
20020101,0,0,0.084645,0,0,0.7695,0,1,0
120220101,0,0,0,0,0,0.084645,0,1,0
212120100,0,0,0,0,0,0.0474525,0,0.0941355,0.479322
101122002,0,1,0,0,0,0,0,0,0
211012221,0,0,0,0.5,0,0,0,0,0
200002101,0,0.854914,0.7695,0.731024,0.864482,0,0,1,0
201210012,0,0,0,0,0,0,1,0,0
1020012,0.901431,0.094145,0,0.14978,0,0.0845064,0.00966488,0,0
20001201,0.175405,0,0,0.863541,0.95,0,0,0.812161,0
20211201,1,0,0.9,0,0,0,0,0.855,0
210100221,0,0,0.521549,0,0.427457,0.95,0,0,0
21010002,0,0,0,0,0,0,1,0,0
22101210,0.0949042,0,0,0,0,0,0,0,0
10221210,0.000855,0,0.0864405,0,0,0,0,0,0
1202010,0.0919553,0.84645,0,0,0,0,0.86184,0,0
211220100,0,0,0,0,0,0.00949905,0,0,0.0086449
200210100,0,0,0.9,0,0,0.863772,0,0.95,0
202210110,0,1,0,0,0,0,0,0,0.9
220100121,0,0,0.07695,0,0.0854999,0,0,0,0
221102121,0,0,0,0,1,0,0,0,0
120001002,0,0,0.402027,0.949991,0.365512,0,0.7695,0.401662,0
120121002,0,0,0,0,0,0,1,0.522491,0
2110212,0,1,0,0,0,0.9,0,0,0
100020210,0,0.00941449,0.949995,0.00445885,0,0.0415377,0,0,0.078058
120120210,0,0,0.474995,0,0,0.004275,0,0,0.00431775
200010120,0,0.77525,0,0.7695,0,0.95,0,0,0.446283
12201120,0.474524,0,0,0,0.474525,0,0,0,0.474478
12110220,0,0,0,0,0,0,0,0,0.95
12112221,1,0,0,0,0,0,0,0,0
11012022,1,0,0,0.0941355,0,0,0,0,0
100020120,0,0.84645,0,1,0,0.811423,0,0,0.730294
101220120,0,0,0,0,0,0.864405,0,0,0
102201120,0,0.474516,0,0,0.47928,0,0,0,0.470246
220211010,0,0,0.0855,0,0,0,0,0,0
21210201,1,0,0,0,0,0,0,0,0
100210200,0,0.890388,0.854145,0,0,0.0822296,0,0.887657,1
112210200,0,0,0,0,0,0.95,0,0,0
112211220,0,0,0,0,0,0,0,0,1
112200120,0,0,0,0,0.479318,0.474944,0,0,0.475427
11202210,0.9,0,0,0,0.999999,0,0,0,0
202211100,0,0.4275,0,0,0,0,0,0.00940587,0.04275
220100211,0,0,0.51813,0,0.00427457,0,0,0,0
1000212,0.444365,0.95,0,0.499614,0.537999,0.157163,0,0,0
1102212,0.84645,0.95,0,0,0.854999,0,0,0,0
200100210,0,0,0.535347,0,0.95,0.175413,0,0,0
202101210,0,0,0,0,1,0,0,0,0
1211220,0,0,0,0,0,0,0,0,1
2112210,0,0.9,0,0,0,0,0,0,0.95
110102202,0,0,1,0,0,0,0,0,0
110200002,0,0,0,0,0.95,0.855826,0,0.84645,0
110202012,0,0,1,0,0.9,0,0,0,0
1200210,0.945724,0.0949915,0,0,0,0.443078,0,0,0
210102021,0,0,0.474524,0,0.47025,0,0.474995,0,0
120210000,0,0,0.365147,0,0,0.540493,0.945293,0,0
121020012,0,0,0,0.47975,0,0.469822,0.475432,0,0
1201212,0.475047,0,0,0,0.427072,0,0,0,0
122001102,0,0,0,1,0,0,0,0,0
220112100,0,0,1,0,0,0,0,0,0.86355
20100102,1,0,0.168102,0,0.864225,0.84645,0,0.167884,0
20201211,0.95,0,0,0,0.855,0,0,0,0
121122,1,0.855,0,0,0,0,0,0,0
2100021,0.948287,0.770865,0,0,0.854145,0.785734,0,0,0
102120021,0,0,0,0,0,0,1,0,0
2001012,0.816263,0.850507,0,0.849905,0.90297,0,0.479293,0,0
12021012,0,0,0,0,0,0,0.0047072,0,0
100200210,0,0.95,0,0,0.7695,0.804127,0,0,0.7695
110202210,0,0,0,0,1,0,0,0,0.0939645
12211020,0.47547,0,0,0,0,0,0.474991,0,0.475047
112200000,0,0,0,0,0.95,0,0.454076,0.0723715,0.451952
112220100,0,0,0,0,0,0.475,0,0.047453,0.0470297
21212211,1,0,0,0,0,0,0,0,0
11120202,1,0,0,0,0,0,0,0.855,0
211022001,0,0,0,0.475,0,0,0.474996,0.470254,0
1000221,0,0,0,0,0,1,0,0,0
110120202,0,0,1,0,0,0,0,0,0
20010012,0.458796,0,0.460258,0.462823,0,0.462307,0.135609,0,0
1010202,0.0491133,0.0948794,0,0.855086,0,0.40206,0,0.497361,0
21110202,0,0,0,0,0,0.99999,0,0,0
100010202,0,0.0941365,0.00949121,0.451049,0,0.0855145,0,0.462784,0
210002010,0,0,0.84645,0.84645,1,0,0.7695,0,0
211202010,0,0,0,0,0.99,0,0.855,0,0
21021000,0.7695,0,0,0.0361857,0,0,0,0.7695,1
21121002,0.000423225,0,0,0,0,0,0,0.4275,0
110220102,0,0,1,0,0,0.855,0,0.038475,0
112220112,0,0,0,0,0,0.5,0,0,0
12120102,1,0,0,0,0,0.0855,0,0,0
112200201,0,0,0,0,1,0,0,0,0
10211220,0,0,0,0,0,0,0,0,0.0949049
212021121,0,0,0,0.5,0,0,0,0,0
210021021,0,0,1,0,0,0,0.475457,0,0
210221121,0,0,1,0,0,0,0,0,0
121210020,0,0,0,0,0,0.95,0,0,0.9
100201212,0,0,0.470165,0,0.90724,0,0,0,0
110221020,0,0,1,0,0,0,0.854999,0,0.522404
201221100,0,0.0949991,0,0,0,0,0,0.09405,0
120102021,0,0,0,0,1,0,0,0,0
100012020,0,0.0723715,0.95,0.84645,0,0,0.84645,0,0.9
121012020,0,0,0,0,0,0,1,0,0
221211,0.86449,0,1,0,0,0,0,0,0
102000102,0,0.84645,0,1,0,0.84645,0,0,0
110200221,0,0,0,0,1,0.854914,0,0,0
102010212,0,1,0,0.854991,0,0,0,0,0
1022010,0.0378364,0.00131466,0,0.455346,0,0,0.174203,0,0.945461
120200001,0,0,0,0,1,0,0.7695,0.723715,0
120202011,0,0,0.0939636,0,0,0,0,0,0
221200011,0,0,0,0,0.855,1,0,0,0
21010200,0.861992,0,0,0.854914,0,0.95,0,0.882566,0.859272
21112212,0.5,0,0,0,0,0,0,0,0
20121201,0,0,1,0,0,0,0,0,0
221020101,0,0,0,0.094905,0,0,0,0.9,0
1001220,0.864319,0.084645,0,0.0939637,0,0,0,0,0.9
211001220,0,0,0,0,0,0,0,0,1
21002112,0,0,0,0.855,1,0,0,0,0
210011202,0,0,0,0.99999,0,0,0,0,0
120210102,0,0,1,0,0,0.427496,0,0.4275,0
221021010,0,0,0,0.084645,0,0,0,0,1
11022012,1,0,0,0,0,0,0,0,0
100100202,0,0.0940594,0.0086261,0,0.00938875,0.0854145,0,0.125826,0
112100202,0,0,0,0,0,0,0,0,0
12020100,0.456236,0,0,0.463193,0,0.451199,0,0.36957,0.536846
120200100,0,0,0.464167,0,0.810626,0.894001,0,0.848068,0.0941176
122200110,0,0,0,0,0.423225,0.52155,0,0,1
102221010,0,0.431775,0,0,0,0,0.945678,0,0.000855
101012022,0,0.9,0,0.0854145,0,0,1,0,0
100022211,0,0,0.431775,0.474568,0,0,0,0,0
121020,0.000940501,0.134754,0.00940585,0,0,0,0.00895157,0,0.0402064
200121120,0,0,0,0,0,0,0,0,0.474957
200200101,0,0.842602,0.84645,0,0,0.7695,0,1,0
110102220,0,0,1,0,0,0,0,0,0.855
100210122,0,0.854145,1,0,0,0.4275,0,0,0
210001002,0,0,0,0.811822,0.906821,0,0.0902474,0.0948195,0
210001122,0,0,0,0,0.95,0,0,0,0
210010020,0,0,0.0541693,0.945319,0,0.456545,0.463628,0,0.495852
210010221,0,0,0.04275,0.479707,0,0.0949906,0,0,0
200201001,0,0.814654,1,0,0.814965,0,0.8645,0,0
200201121,0,0,1,0,0.50864,0,0,0,0
212110200,0,0,0,0,0,0.9,0,0,0.95
212110221,0,0,0,0,0,1,0,0,0
212001210,0,0,0,0.0940483,1,0,0,0,0
20110002,0.857796,0,0.7695,0,0,1,0,0.885453,0
120110022,0,0,0,0,0,0,0.9999,0,0
20211,0.370017,0.365886,0.456237,0.0495513,0,0.00863645,0,0,0
21020211,0,0,0,0,0,1,0,0,0
211001202,0,0,0,0,0,0,0,0,0
200102001,0,0.49633,0.451968,0,0.463064,0,0.497043,0.456965,0
110210220,0,0,1,0,0,0.0949905,0,0,0.9
20221110,0.84645,0,0.513,0,0,0,0,0,1
202100010,0,0.0862955,0,0,0.0932806,0.0941347,0.0862695,0,0.0898685
1212201,1,0,0,0,0,0,0,0.854914,0
21112200,0.522452,0,0,0,0,0,0,0.474948,0.479655
12002001,0.863379,0,0,0,0.365476,0,0.881077,0.95,0
210120000,0,0,0.455234,0,0,0.410186,0.0494648,0.0492661,0.459365
211120020,0,0,0,0,0,0,0.423225,0,0.522068
122121000,0,0,0,0,0,0,1,0,0
21102012,0.521375,0,0,0,0.517703,0,0.95,0,0
1002102,0.7695,0,0,0,1,0,0,0,0
201120021,0,0,0,0,0,1,0,0,0
11002020,1,0,0,0.84645,0.84645,0,0.863541,0,0
11102022,1,0,0,0,0.855,0,0,0,0
21200001,0.95,0,0,0,0.854914,0,0.84645,0.7695,0
210210120,0,0,1,0,0,0,0,0,0.427496
12002211,0,0,0,0,1,0,0,0,0
112200210,0,0,0,0,1,0.0948879,0,0,0.855
212021010,0,0,0,0,0,0,0.09405,0,9.405e-05
2221011,0.0855,0,0,0,0,0,1,0,0
120010200,0,0,0.459426,0.811438,0,0.95,0,0.825891,0
1122012,0.95,0,0,0,0,0,0.00854915,0,0
10120122,0.999,0,0,0,0,0.855,0,0,0
122000001,0,0,0,0.777195,1,0.804127,0.855842,0.825908,0
122002011,0,0,0,0.95,0,0,0.9,0,0
21120000,0.00855,0,0,0,0,0.045959,0.0820364,0.532524,0.0949426
11200122,0.9,0,0,0,0,0.95,0,0,0
21000120,0.093956,0,0,0.00940415,0.99,0.0862695,0,0,0.855
211200102,0,0,0,0,1,0,0,0.0854992,0
110200020,0,0,1,0,0,0.40206,0.7695,0,0.128141
210000012,0,0,0,0,1,0,0,0,0
10021020,0.804054,0,0.95,0.361857,0,0,0.534907,0,0.491131
10221021,0,0,1,0,0,0,0.423225,0,0
200001021,0,0.84645,1,0.7695,0,0,0.486636,0,0
112210020,0,0,0,0,0,0.855,0.897749,0,1
122011002,0,0,0,1,0,0,0.522491,0.4617,0
122211012,0,0,0,0,0,0,0.5,0,0
22011120,0.95,0,0,0,0,0,0,0,0
11000220,1,0,0,0,0,0,0,0,0
11210220,1,0,0,0,0,0,0,0,0
100201002,0,0.536842,0.46355,0,0.153515,0,0.431305,0.365476,0
120201012,0,0,0.474525,0,0.470241,0,0.427457,0,0
21000021,0.823677,0,0,0.894833,0.902547,0,0.07695,0,0
121200021,0,0,0,0,1,0,0.84645,0,0
122101200,0,0,0,0,0,0,0,0.000855001,0.09405
210012000,0,0,0,0,0,0,0,1,0.0940406
212011002,0,0,0,0.9,0,0,0.95,0,0
210202110,0,0,0.854145,0,0.9,0,0,0,1
102001122,0,0.52155,0,0.99999,0.84645,0,0,0,0
200021100,0,0.731018,0.84645,0.0365513,0,0,0,0.86231,0.95
221120100,0,0,0,0,0,0,0,0.094145,0.0864406
12000201,0.855,0,0,0,0.945721,0.169598,0,0,0
212100201,0,0,0,0,0.95,0.855,0,0,0
210221001,0,0,0,0,0,0,0.95,0,0
10012002,0.854991,0,0.95,0,0,0,0.862686,0.9,0
112022010,0,0,0,0,0,0,0,0,0
10012200,0.7695,0,0.723715,0,0,0,0,1,0
212112201,0,0,0,0,0,0,0,1,0
11201220,1,0,0,0,0,0,0,0,0.9
122210010,0,0,0,0,0,0.4788,0.427072,0,1
202011000,0,0,0,1,0,0,0.850643,0.0778913,0.44227
22201110,0,0,0,0,0.427457,0,0,0,1
20211021,0,0,1,0,0,0,0.854914,0,0
211200120,0,0,0,0,1,0.854914,0,0,0
20210121,0,0,0,0,0,0.95,0,0,0
21010221,0.9,0,0,0.95,0,0,0,0,0
200200011,0,0,0.0949912,0,0,0.094904,0.9,0,0
211022010,0,0,0,0.004275,0,0,0,0,0.470677
212002110,0,0,0,0,1,0,0,0,0
2102121,0,0.52155,0,0,0.512991,0,0,0,0
2221101,0.7695,0,0,0,0,0,0,1,0
122221101,0,0,0,0,0,0,0,1,0
220201110,0,0,0.94999,0,0.854145,0,0,0,0.9
220101201,0,0,0.9,0,1,0,0,0,0
110200212,0,0,1,0,0,0.854991,0,0,0
211012020,0,0,0,0,0,0,1,0,0
10002102,0.0931949,0,0.804127,0.7695,0.86261,0,0,0.000796745,0
21002211,0.47928,0,0,0.47025,0.479707,0,0,0,0
122101002,0,0,0,0,1,0,0.9,0.854991,0
21201120,0,0,0,0,1,0,0,0,0
120212010,0,0,0,0,0,0,0,0,1
20212101,0.9,0,0,0,0,0,0,0.9,0
212101002,0,0,0,0,1,0,0.854999,0.09405,0
110002002,0,0,1,0.0938867,0.000846451,0,0.864491,0.86449,0
21122100,0,0,0,0,0,0,0,0.95,0
11020020,1,0,0,0,0,0,0,0,0
102122001,0,0,0,0,0,0,1,0,0
221021100,0,0,0,0,0,0,0,0,1
201120201,0,0,0,0,0,1,0,0.854145,0
2102010,0.94905,0.166899,0,0,0,0,0,0,0.162506
121021212,0,0,0,0.5,0,0,0,0,0
210212100,0,0,0,0,0,0,0,0.9,0.855
21011022,0.000940501,0,0,1,0,0,0.9,0,0
212101122,0,0,0,0,1,0,0,0,0
1210221,0.9,0.855,0,0,0,1,0,0,0
21100200,0.446368,0,0,0,0.815211,0.95,0,0,0.854914
21121200,0,0,0,0,0,0,0,0.522456,1
101021202,0,1,0,0,0,0,0,0,0
22120110,1,0,0,0,0,0,0,0,0
202211112,0,1,0,0,0,0,0,0,0
201112020,0,0.479655,0,0,0,0,1,0,0.4275
21221010,0,0,0,0,0,0,0.855,0,1
11220120,0,0,0,0,0,0.95,0,0,0.854991
102202011,0,0.854914,0,0,1,0,0.9,0,0
221002101,0,0,0,0.855,0.9,0,0,0.9,0
221102211,0,0,0,0,0.5,0,0,0,0
212000112,0,0,0,0,1,0.00855,0,0,0
22110012,0.854145,0,0,0,0,1,0,0,0
100122201,0,9.405e-05,0.47547,0,0,0,0,0.4275,0
201120120,0,0.474952,0,0,0,0,0,0,0.47072
120010212,0,0,0.474995,0.479318,0,0.475043,0,0,0
101120022,0,0.9,0,0,0,0,1,0,0
21120,0.0487756,0.452864,0.0894798,0.0945466,0,0,0,0,0.456237
12102000,0,0,0,0,0,0,0.438615,0.0938521,0.9025
12112200,0.855,0,0,0,0,0,0,1,0
12020010,0.00365147,0,0,8.05101e-05,0,8.12339e-05,0.135161,0,0.949144
212120010,0,0,0,0,0,0,0.09405,0,0.0009405
210201120,0,0,0.95,0,0.47025,0,0,0,0
122211000,0,0,0,0,0,0,0.4275,0.522448,1
112220010,0,0,0,0,0,0.00427927,0.474521,0,0
100001220,0,0.842602,0.0796086,0,0,0,0,0,0.94982
121010220,0,0,0,0,0,0.854991,0,0,1
211021020,0,0,0,0.095,0,0,0.0854991,0,1
202210011,0,1,0,0,0,0,0,0,0
20122101,0,0,0.855,0,0,0,0,1,0
210100200,0,0,0.046325,0,0.446656,0.0905943,0,0.0990608,0.459721
210101202,0,0,0,0,0.999999,0,0,0.854999,0
100212102,0,0,1,0,0,0,0,0,0
20201010,0.767573,0,0.767576,0,0.0328961,0,0.839947,0,0.902928
1000122,0.173521,0.7695,0,0,1,0,0,0,0
210200121,0,0,0.95,0,0.512991,0.854999,0,0,0
210121020,0,0,0.0949992,0,0,0,0.04275,0,0.902547
102020121,0,0.47547,0,1,0,0.427927,0,0,0
102002001,0,0.7695,0,0.84645,1,0,0.854914,0.854145,0
102022011,0,0,0,0.0940498,0,0,1,0,0
200211120,0,0.427072,1,0,0,0,0,0,0.854914
211102020,0,0,0,0,0,0,0.479746,0,0.4275
110022102,0,0,1,0.9,0,0,0,0,0
22211010,0.47538,0,0,0,0,0,0.431775,0,0.0864499
22010211,1,0,0,0.854145,0,0.854914,0,0,0
102121002,0,0,0,0,0,0,1,0,0
12122001,0,0,0,0,0,0,0.95,0,0
21011202,0.427457,0,0,1,0,0,0,0,0
220010112,0,0,1,0,0,0,0,0,0
1021200,0,0,0,0,0,0,0,0.842529,1
201202011,0,0,0,0,0,0,0.99999,0,0
10021221,0,0,1,0,0,0,0,0,0
100001022,0,0,0.087723,0.855,0.0942723,0,0.945716,0,0
110202201,0,0,0.9,0,1,0,0,0.854991,0
210101022,0,0,0,0,1,0,0.09405,0,0
121220001,0,0,0,0,0,1,0,0,0
112102200,0,0,0,0,0,0,0,0,0.009405
120000102,0,0,0,1,0.820553,0.409759,0,0.365512,0
220121100,0,0,0,0,0,0,0,0,0
102011220,0,0.854145,0,0.9,0,0,0,0,1
20101200,0.731025,0,0.84645,0,1,0,0,0.825336,0.84645
211012200,0,0,0,0.854999,0,0,0,1,0.427457
101020200,0,1,0,0.445884,0,0.84645,0,0.7695,0.7695
2100102,1,0,0,0,0.7695,0.863379,0,0.854914,0
1112202,0.4275,0.08645,0,0,0,0,0,0.47547,0
212010120,0,0,0,0.479322,0,0.475043,0,0,0.475
100122210,0,0.0855864,0.522029,0,0,0,0,0,0.0474952
101020122,0,1,0,0,0,0.0940483,0,0,0
200100012,0,0.0084645,0.79689,0,0.95,0.855,0,0,0
212010201,0,0,0,0.95,0,0,0,0.9,0
210210102,0,0,1,0,0,0.7695,0,0,0
20120001,0.0855,0,0.000769501,0,0,0,0.0863627,0.949996,0
21120201,0,0,0,0,0,1,0,0,0
202100001,0,0.536617,0,0,0.0946485,0.370344,0.0945466,0.0948187,0
2000211,0.864388,0.0777195,0,0.804127,0.949995,0.0789507,0,0,0
110201202,0,0,1,0,0,0,0,0,0
102212100,0,0.854145,0,0,0,0,0,0,1
201121020,0,0.854991,0,0,0,0,0,0,1
2101002,0,0.007695,0,0,1,0,0,0,0
1200102,0.859859,0.7695,0,0,1,0.893444,0,0.895208,0
1220112,0.475,0,0,0,0,0.474478,0,0,0
220100001,0,0,0.94953,0,0.471703,0.0949999,0.0931095,0.0939645,0
200120100,0,0.413955,0.451249,0,0,0.446335,0,0.095,0.501125
202120110,0,0.094905,0,0,0,0,0,0,1
11020122,0.999,0,0,0.854145,0,0,0,0,0
210201102,0,0,0,0,0.95,0,0,0,0
120110202,0,0,0.0427073,0,0,0.9999,0,0.513,0
121022112,0,0,0,1,0,0,0,0,0
110122200,0,0,1,0,0,0,0,0,0.0949905
1020201,0,0.7695,0,0,0,1,0,0.401662,0
120021102,0,0,0,1,0,0,0,0,0
12101202,0,0,0,0,0.99,0,0,0,0
120112200,0,0,0,0,0,0,0,0.854145,1
110220000,0,0,1,0,0,0.823753,0.487062,0,0.402064
110221200,0,0,1,0,0,0,0,0.0940585,0.0855
21012012,0.47975,0,0,0.522072,0,0,1,0,0
21012021,0,0,0,0.95,0,0,0,0,0
21000012,0.492142,0,0,0.499997,0.95,0.492625,0.167974,0,0
101200212,0,1,0,0,0,0,0,0,0
101220012,0,1,0,0,0,0.512564,0.47025,0,0
22121010,0.0854999,0,0,0,0,0,0.09405,0,0
101210220,0,0,0,0,0,0,0,0,0.99
112012020,0,0,0,0.854145,0,0,0,0,1
201112002,0,0,0,0,0,0,1,0,0
10120002,0.95,0,0.7695,0,0,0,0.0939721,0,0
102200121,0,0.854145,0,0,1,0,0,0,0
20001012,0.491943,0,0.438607,0.456275,0.903184,0,0.131082,0,0
121020201,0,0,0,0,0,1,0,0.84645,0
210001221,0,0,0.9,0.95,0,0,0,0,0
201021120,0,0,0,0,0,0,0,0,1
12210102,0.4275,0,0,0,0,0.855,0,0.999,0
212201112,0,0,0,0,1,0,0,0,0
221100021,0,0,0,0,0,1,0,0,0
211002102,0,0,0,0.855,0.9999,0,0,0.0854999,0
20011020,0.828484,0,0,0.9,0,0,0.949525,0,0.854145
101220000,0,0,0,0,0,0.95,0,0.0665225,0.7695
101221020,0,1,0,0,0,0,0.855,0,0.9
102101220,0,0,0,0,0.99,0,0,0,0
102201,0.501482,0.463345,0.451068,0,0.464244,0,0,0.445925,0
101102202,0,1,0,0,0.4275,0,0,0.423225,0
112002201,0,0,0,0.855,1,0,0,0.854145,0
2012211,0.9,0,0,0.95,0,0,0,0,0
220110021,0,0,0.95,0,0,0.9,0,0,0
121002102,0,0,0,0.9,1,0,0,0.854914,0
220011210,0,0,0.09405,0.9999,0,0,0,0,0
112012200,0,0,0,0,0,0,0,0.99999,0.9
100221012,0,0.475047,0.475475,0,0,0,0.47025,0,0
10120221,0,0,0.95,0,0,0.0854145,0,0,0
20201100,0,0,0,0,0.723715,0,0,0.7695,0.95
12021120,0.475004,0,0,0.475043,0,0,0,0,0.47025
12121122,1,0,0,0,0,0,0,0,0
221200110,0,0,0,0,0.9,0.95,0,0,0
221001120,0,0,0,0,0.9,0,0,0,1
112200102,0,0,0,0,0.0431775,0,0,0.00474478,0
21110022,0,0,0,0,0,0.999999,0.9,0,0
2121012,0.0855,0,0,0,0,0,0.00949991,0,0
20110020,0.84645,0,0.7695,0,0,0,0.7695,0,0.906818
200010210,0,1,0.0849839,0.365512,0,0,0,0,0
210022011,0,0,0.431775,0.512999,0,0,1,0,0
11002122,0,0,0,0.854999,0.999,0,0,0,0
101022012,0,0.9,0,0.95,0,0,0.84645,0,0
220000101,0,0,0,0.731024,0,0,0,1,0
1212021,0,0,0,0,0,0,1,0,0
12002100,0.811438,0,0,0,0.534452,0,0,0,0.945725
21211020,0.95,0,0,0,0,0,0.9,0,0
1022112,0.0941449,0,0,9.49905e-05,0,0,0,0,0
202101,0.7695,0.811438,0.854914,0,0.898392,0,0,1,0
22011102,0.517274,0,0,1,0,0,0,0.047025,0
201000021,0,0,0,0.541694,0.7695,0,0,0,0
201010221,0,0,0,0,0,1,0,0,0
2101200,0,0.84645,0,0,1,0,0,0.0084645,0.881847
200101221,0,0.84645,0.9999,0,0,0,0,0,0
210120021,0,0,0,0,0,0.522457,0.470246,0,0
120102012,0,0,0.517797,0,0.0431775,0,1,0,0
220210110,0,0,1,0,0,0,0,0,0
2002011,0.949572,0.7695,0,0.7695,0.7695,0,0.9,0,0
12202011,0,0,0,0,1,0,0,0,0
12010221,0,0,0,0.95,0,0.855,0,0,0
210120210,0,0,0.00431818,0,0,0,0,0,0.00474957
2210001,1,0.84645,0,0,0,0.442459,0.731024,0.864414,0
200000112,0,0.7695,0,0.0803397,0.95,0,0,0,0
10021212,0.086449,0,0.941355,0,0,0,0,0,0
202010100,0,0.496842,0,0.460828,0,0.0858173,0,0.00949906,0.00811438
121000002,0,0,0,0.81957,0.484446,0.372819,0,0.445085,0
121212012,0,0,0,0,0,0,1,0,0
20011212,0,0,0.474525,1,0,0,0,0,0
121100202,0,0,0,0,0.4275,0.0474525,0,0.4275,0
2110221,0,0,0,0,0,1,0,0,0
120002211,0,0,0.522491,0.474525,1,0,0,0,0
10221,1,0,0,0.854145,0,0.864451,0,0,0
1102221,0.855,0.893475,0,0,0,0,0,0,0
211102221,0,0,0,0,0.5,0,0,0,0
110122002,0,0,0.9,0,0,0,1,0,0
200221101,0,0,0,0,0,0,0,1,0
101022021,0,1,0,0,0,0,0,0,0
210122010,0,0,0.0004275,0,0,0,0.0949051,0,0.479322
102000021,0,0.80412,0,0,1,0.0809341,0.81135,0,0
112000221,0,0,0,0,1,0,0,0,0
100200012,0,0.84645,0.541217,0,0.940033,0.492133,0.523405,0,0
120200112,0,0,0.47975,0,0.475423,0.474952,0,0,0
200120010,0,0.129997,0.0824321,0,0,0.154569,0.0864492,0,0.949995
202120011,0,0.855,0,0,0,0,1,0,0
201120210,0,0.4275,0,0,0,0.086355,0,0,0.906775
200012001,0,0.501059,0.44958,0.495497,0,0,0,0.867035,0
202112001,0,0.479703,0,0,0,0,0.427932,0.09405,0
21201102,0,0,0,0,1,0,0,0,0
2012001,0.9,0.854145,0,0.898006,0,0,0.863456,0.902975,0
2212011,1,0,0,0,0,0,0,0,0
102210012,0,0.999,0,0,0,0.4788,0,0,0
201102102,0,0.0855,0,0,1,0,0,0,0
210001020,0,0,0.168164,0.861928,0.456305,0,0.456091,0,0
102002211,0,0,0,0,1,0,0,0,0
21220011,0.854914,0,0,0,0,1,0,0,0
220201101,0,0,0,0,0,0,0,1,0
2201001,0.463115,0.445925,0,0,0.415181,0,0.462835,0.17195,0
102221001,0,0.474525,0,0,0,0,0.479275,0.00949991,0
1122210,0.47025,0.5225,0,0,0,0,0,0,0.474995
10102212,0,0,0.95,0,0,0,0,0,0
122101020,0,0,0,0,0,0,0.99,0,0.855
10221012,0.474525,0,0.0864413,0,0,0,0.047025,0,0
112201221,0,0,0,0,1,0,0,0,0
22210011,0.9,0,0,0,0,0,1,0,0
201210021,0,0,0,0,0,0.9,1,0,0
12100122,1,0,0,0,0,0,0,0,0
21101202,0,0,0,0,1,0,0,0.427496,0
100202010,0,0.940499,0.000769501,0,0,0,0.07695,0,0.007695
102212010,0,0.99,0,0,0,0,0.0949049,0,0.9
102201012,0,0.907246,0,0,0.4275,0,0.47025,0,0
200121000,0,0.00787556,0.0949136,0,0,0,0.000815536,7.4732e-05,0.0496583
202121001,0,0.0432202,0,0,0,0,0.00431818,0,0
20221101,0,0,1,0,0,0,0,0.9,0
102202110,0,0,0,0,0.0855,0,0,0,0.99999
202210101,0,0.949957,0,0,0,0.432155,0,0,0
202211121,0,0.5,0,0,0,0,0,0,0
122200101,0,0,0,0,0.9,0.854145,0,1,0
1010220,0.86184,0,0,0.434229,0,0.778811,0,0,0.949996
21021210,0,0,0,0.4275,0,0,0,0,1
21101022,0,0,0,0,0.9,0,0,0,0
1120122,1,0,0,0,0,0,0,0,0
102110220,0,0,0,0,0,0,0,0,1
201021,0.95,0.459545,0,0,0.804127,0,0.884539,0,0
20201121,0,0,0.9,0,0.95,0,0,0,0
122021010,0,0,0,0.0854145,0,0,0.95,0,0.854991
21100221,0.0940491,0,0,0,0,0,0,0,0
201021000,0,0.7695,0,0.803396,0,0,0,0,1
20212110,0,0,0.9,0,0,0,0,0,1
1021020,0.095,0.854914,0,0.00948024,0,0,0.731025,0,1
11221020,0,0,0,0,0,0,0,0,1
101220210,0,1,0,0,0,0.854145,0,0,0
102022110,0,0,0,0,0,0,0,0,1
120201000,0,0,0.854145,0,0,0,0.40535,0.811423,0.945725
122201010,0,0,0,0,0.513,0,0.522405,0,0.95
12012120,0.0854915,0,0,0.04275,0,0,0,0,0.475471
20200110,0,0,0.854914,0,0.864414,0.842529,0,0,1
220120101,0,0,0,0,0,0,0,1,0
121010202,0,0,0,0.0470249,0,0.427496,0,0.474525,0
102001020,0,0.401698,0,0.81567,0.95,0,0,0,0.464199
22110210,0.95,0,0,0,0,0,0,0,0.0940499
210100122,0,0,0,0,0.855,0.0941449,0,0,0
212011020,0,0,0,1,0,0,0,0,0.51775
210211122,0,0,1,0,0,0,0,0,0
101002020,0,1,0,0,0,0,0,0,0
212121000,0,0,0,0,0,0,0.42797,0,0.474525
220012101,0,0,0.9999,0,0,0,0,0,0
202101021,0,0.427496,0,0,0.999,0,0,0,0
122000100,0,0,0,1,0.857184,0.864771,0,0.89724,0.854999
122012100,0,0,0,0,0,0,0,0,1
102102,1,0,0,0,0.84645,0,0,0,0
121210200,0,0,0,0,0,0.517275,0,0.521977,0
101020221,0,1,0,0,0,0.9,0,0,0
112201200,0,0,0,0,0.95,0,0,0,0.086355
120201210,0,0,0.475471,0,0.949957,0,0,0,0
2011122,0.897707,0.522491,0,1,0,0,0,0,0
212021100,0,0,0,0.0431775,0,0,0,0,0.479318
110012202,0,0,0.9,0,0,0,0,1,0
201100221,0,0,0,0,0,1,0,0,0
212021001,0,0,0,0.474525,0,0,0.522025,0.00855,0
221110200,0,0,0,0,0,0.9999,0,0.4275,0.513
202211010,0,1,0,0,0,0,0.855,0,0
200012100,0,0.861382,1,0,0,0,0,0,0.84645
201210,0.858184,0.0934942,0.49936,0,0,0,0,0,0.0897904
10000221,0.945725,0,0.496576,0.0730294,0.504712,0.812169,0,0,0
200020101,0,0,0,0,0,0,0,1,0
20121210,0.00427927,0,0.478799,0,0,0,0,0,0.00855087
12210120,0,0,0,0,0,0,0,0,0.475465
2122101,1,0.854914,0,0,0,0,0,0,0
212100102,0,0,0,0,0.0855854,0.086355,0,0,0
20021001,0,0,1,0,0,0,0,0,0
12212001,0,0,0,0,0,0,0.84645,0.9999,0
212020011,0,0,0,0,0,0.0949059,1,0,0
122211,0.0427548,0.00474525,0.474525,0,0,0,0,0,0
212000001,0,0,0,0.813874,0.53223,0.731024,0.456012,0.94953,0
212201001,0,0,0,0,0,0,0.512996,0.854999,0
110102022,0,0,0,0,0,0,1,0,0
221102100,0,0,0,0,0,0,0,0.854991,0.95
112120020,0,0,0,0,0,0.84645,1,0,0
212010021,0,0,0,0.479745,0,0.475475,0.474995,0,0
121002000,0,0,0,0.657922,0,0,0.95,0.730952,0.854914
2110020,0,0,0,0,0,1,0.7695,0,0.457849
22110021,0,0,0,0,0,1,0.0949999,0,0
200110212,0,1,0.855,0,0,0.9,0,0,0
101021220,0,1,0,0,0,0,0,0,0
22012110,0.855,0,0,0,0,0,0,0,1
112022121,0,0,0,1,0,0,0,0,0
120012102,0,0,0,1,0,0,0,0,0
212112,0.855,1,0.9,0,0,0,0,0,0
220211100,0,0,0.9,0,0,0,0,0.9405,0.00855
112020021,0,0,0,0.00941442,0,0.47025,0.475047,0,0
20101020,0,0,0,0,1,0,0,0,0
211122000,0,0,0,0,0,0,0.0470677,0.474952,0.474999
220102101,0,0,0.95,0,0.0854915,0,0,0.9,0
21010212,0.475,0,0,0.949953,0,0.475043,0,0,0
201100212,0,0.7695,0,0,0.95,0.0086355,0,0,0
211102212,0,0,0,0,1,0,0,0,0
22112100,1,0,0,0,0,0,0,0,0.854991
202110210,0,1,0,0,0,0,0,0,0.854914
102221121,0,0.5,0,0,0,0,0,0,0
200212110,0,0.9,1,0,0,0,0,0,0
102000201,0,0.941432,0,0.84645,0,0,0,0.09405,0
12211002,0.47025,0,0,0,0,0,0,1,0
101002212,0,1,0,0.897699,0,0,0,0,0
101201022,0,0.9,0,0,0.0949905,0,0.95,0,0
122110002,0,0,0,0,0,1,0,0,0
120200211,0,0,0,0,1,0.855,0,0,0
1001202,0.41019,0.0742567,0,0.451868,0.0904585,0,0,0.463832,0
201220101,0,0,0,0,0,0,0,0.99999,0
211000020,0,0,0,0.418142,0.135155,0.156032,0.176224,0,0.861511
211002120,0,0,0,0.479646,1,0,0,0,0
1122120,0,0.521549,0,0,0,0,0,0,0
201022101,0,0.4275,0,0.518211,0,0,0,1,0
120102210,0,0,0.474995,0,0.945673,0,0,0,0.513
22100100,1,0,0,0,0.07695,0,0,0.09329,0.854145
211202001,0,0,0,0,0.0949041,0,0,0,0
10220001,0.445925,0,0.0949895,0,0,0.130972,0.463342,0.949905,0
102200010,0,0.850955,0,0,0.849182,0.446656,0.949944,0,0.84645
102221100,0,0.474999,0,0,0,0,0,0.945677,0.475005
211120200,0,0,0,0,0,8.55e-06,0,0.427971,0.902928
120102201,0,0,0,0,1,0,0,0.474525,0
11220012,1,0,0,0,0,0,0,0,0
112021020,0,0,0,0.0949058,0,0,0.475432,0,0.474525
112121022,0,0,0,0,0,0,1,0,0
2200101,0,0.854914,0,0,0,0,0,1,0
1201020,0.859528,0.81567,0,0,0.854914,0,0.906779,0,0.9
102021102,0,0.517275,0,1,0,0,0,0.52155,0
112022001,0,0,0,0.0863643,0,0,0,0,0
202100211,0,0,0,0,0.94144,0,0,0,0
12202101,0.855,0,0,0,0.95,0,0,0.9,0
221122011,0,0,0,0,0,0,1,0,0
212020101,0,0,0,0.854991,0,0,0,1,0
221011200,0,0,0,1,0,0,0,0,0
12021021,0.431775,0,0,0.474953,0,0,0.474999,0,0
122201112,0,0,0,0,0.5,0,0,0,0
2201121,0.474952,0.470207,0,0,0.479322,0,0,0,0
1002021,0.948708,0.535835,0,0.804924,0.536842,0,0,0,0
1122021,0.09405,0,0,0,0,0,0.431732,0,0
102112020,0,0.00854992,0,0,0,0,0.999999,0,0
120210012,0,0,0.478714,0,0,0.474995,0.47025,0,0
122011020,0,0,0,1,0,0,0.854999,0,0.9
220011021,0,0,1,0.9,0,0,0,0,0
101221002,0,1,0,0,0,0,0,0,0
210102210,0,0,0.522068,0,1,0,0,0,0.855
102112200,0,0.86355,0,0,0,0,0,0,1
10022121,0.00949145,0,0.04275,0,0,0,0,0,0
1012221,1,0.4275,0,0.854999,0,0,0,0,0
202112010,0,1,0,0,0,0,0,0,0.094905
220100100,0,0,0.949806,0,0,0.00931096,0,0.0929565,0.089848
100202121,0,0,0.854991,0,0,0,0,0,0
22211100,0.4275,0,0,0,0,0,0,0,0.0855855
20120112,1,0,0.0854992,0,0,0.855,0,0,0
2011221,0.9,0.95,0,0,0,0,0,0,0
211201020,0,0,0,0,0.855,0,0.95,0,0
21001200,0.7695,0,0,0,0,0,0,0,1
121201200,0,0,0,0,0,0,0,0,1
200101122,0,0,0.0949905,0,0.99999,0,0,0,0
102100221,0,0.855,0,0,0.999,0.855,0,0,0
12200121,0.5225,0,0,0,0.513,0.4275,0,0,0
11220210,1,0,0,0,0,0.854914,0,0,0
102211002,0,0.475043,0,0,0,0,0.474952,0.5225,0
102211020,0,0,0,0,0,0,0,0,1
200021121,0,0,1,0,0,0,0,0,0
100202211,0,0,0,0,1,0,0,0,0
110002221,0,0,0,0.95,0,0,0,0,0
21211002,0.855,0,0,0,0,0,1,0.854999,0
20211012,0.475,0,0.94525,0,0,0,0.475004,0,0
201110220,0,0,0,0,0,0,0,0,0.475432
122100021,0,0,0,0,0.99,0,0,0,0
2112201,0,0.855,0,0,0,0,0,0.95,0
21210012,0,0,0,0,0,0.52155,1,0,0
10122021,0,0,0.423225,0,0,0,0.479275,0,0
112001202,0,0,0,0,0.09405,0,0,0.0949999,0
202011120,0,0.513,0,1,0,0,0,0,0.0427496
102020112,0,0,0,1,0,0.854999,0,0,0
210121200,0,0,0,0,0,0,0,0,0.00863551
202201011,0,0,0,0,0,0,1,0,0
211012002,0,0,0,0.855,0,0,0,1,0
100022121,0,0.0940415,0,1,0,0,0,0,0
10221000,0.859107,0,0.95,0,0,0,0.811357,0.0811752,0.7695
12201102,0,0,0,0,0.522063,0,0,0.9405,0
2212101,0,0,0,0,0,0,0,1,0
202012101,0,0,0,0.4275,0,0,0,1,0
121020102,0,0,0,1,0,0,0,0,0
20101122,0.9,0,0,0,0,0,0,0,0
21210210,0.479318,0,0,0,0,0.427457,0,0,0.094905
200112012,0,1,0.855,0,0,0,0,0,0
120221001,0,0,1,0,0,0,0,0,0
101220201,0,1,0,0,0,0,0,0.854145,0
221001210,0,0,0,0.855,0.855,0,0,0,1
11022201,1,0,0,0,0,0,0,0,0
122201001,0,0,0,0,0,0,0.854991,0.95,0
22102011,0.855,0,0,0,0,0,0.999,0,0
202110201,0,0,0,0,0,1,0,0,0
121012200,0,0,0,0.47025,0,0,0,0,0.999
112100022,0,0,0,0,0,0.094999,0.999,0,0
202001112,0,0.940491,0,0,0,0,0,0,0
210112002,0,0,0.95,0,0,0,0,0.9,0
11002002,0.9,0,0,0,0.7695,0,0,0.95,0
122210100,0,0,0,0,0,0.52202,0,0.521977,1
220211001,0,0,1,0,0,0,0,0,0
2211000,0.496382,0.456581,0,0,0,0,0.418407,0.456771,0.411043
22101012,0.95,0,0,0,0,0,0,0,0
21022110,0.0940483,0,0,0.95,0,0,0,0,0
201102201,0,0.475,0,0,0.474525,0,0,0.4275,0
101122200,0,1,0,0,0,0,0,0,0
10221102,0.475427,0,0.000948956,0,0,0,0,0,0
201002211,0,0,0,0.47025,0,0,0,0,0
102110202,0,0,0,0,0,1,0,0,0
202110012,0,1,0,0,0,0,0,0,0
122002101,0,0,0,0.9,0.999999,0,0,0,0
121200102,0,0,0,0,1,0.855,0,0.517702,0
1211202,0.4275,0,0,0,0,0,0,0.432245,0
202011012,0,0.9,0,1,0,0,0.855,0,0
20012112,0,0,1,0,0,0,0,0,0
11002221,0.99999,0,0,0.427457,0,0,0,0,0
202011201,0,0,0,1,0,0,0,0,0
10112202,0,0,0,0,0,0,0,1,0
110212020,0,0,0,0,0,0,0,0,1
220010001,0,0,0.95,0,0,0.0949915,0.854914,0.0492832,0
212101200,0,0,0,0,1,0,0,0.84645,0.00854992
220210011,0,0,0.854145,0,0,0,1,0,0
121001202,0,0,0,0.4275,0.4275,0,0,0.474525,0
100212210,0,0.99999,0,0,0,0,0,0,0
12201021,0.945293,0,0,0,0.47025,0,0.474525,0,0
220110210,0,0,0.513,0,0,1,0,0,0.47025
120022101,0,0,0,0,0,0,0,1,0
112120002,0,0,0,0,0,0.85594,1,0,0
202000110,0,0,0,0,0,0.730952,0,0,1
201122121,0,0.5,0,0,0,0,0,0,0
10022211,0,0,4.275e-06,0.427932,0,0,0,0,0
12102201,0,0,0,0,0.95,0,0,0.09405,0
12010122,0.04275,0,0,0.0855001,0,0.47975,0,0,0
22211001,0,0,0,0,0,0,0,0.949914,0
110120022,0,0,1,0,0,0,0.9,0,0
211000221,0,0,0,0.479279,0.00470207,0,0,0,0
212212101,0,0,0,0,0,0,0,1,0
11212200,0,0,0,0,0,0,0,0,0.948794
122010120,0,0,0,0,0,0,0,0,1
10002012,0.0949802,0,0,0,1,0,0.07695,0,0
102102210,0,0,0,0,0.09405,0,0,0,0
101002221,0,1,0,0.84645,0,0,0,0,0
1202100,0,0,0,0,1,0,0,0.84645,0.854991
22010121,1,0,0,0,0,0,0,0,0
21100122,1,0,0,0,0,0,0,0,0
210021201,0,0,0,0,0,0,0,0,0
110201220,0,0,0,0,0,0,0,0,0.95
22011210,0.855,0,0,1,0,0,0,0,0
22100112,0.99,0,0,0,0,0.0949991,0,0,0
20102211,0.474952,0,0.474525,0,0.52155,0,0,0,0
122100201,0,0,0,0,0.999,0.855,0,0.854145,0
12121002,0.09405,0,0,0,0,0,0,0,0
20122110,0.9,0,0.95,0,0,0,0,0,0.9
21200112,0.522405,0,0,0,0.9999,0.854145,0,0,0
11122002,1,0,0,0,0,0,0,0,0
120121200,0,0,0.427927,0,0,0,0,0.432245,0
210022101,0,0,0.4275,0.521977,0,0,0,1,0
21101220,0,0,0,0,1,0,0,0,0
110012022,0,0,1,0,0,0,0,0,0
12120120,1,0,0,0,0,0.522452,0,0,0
101202012,0,0.9999,0,0,0,0,0.00854992,0,0
10102020,0.949568,0,0.855,0,0.812242,0,0,0,0.405718
220100112,0,0,0.0855086,0,0.00855,0,0,0,0
122112,1,0,0.0086355,0,0,0,0,0,0
120020211,0,0,0.479745,0.0047025,0,8.55e-06,0,0,0
121201020,0,0,0,0,0,0,0.854145,0,1
221100102,0,0,0,0,1,0,0,0.855,0
202101201,0,0.94905,0,0,0.9,0,0,0,0
11021022,1,0,0,0,0,0,0,0,0
10122012,0.0855,0,0.09405,0,0,0,0,0,0
221110002,0,0,0,0,0,0.9,0.9,0.95,0
12112020,0,0,0,0,0,0,0.47072,0,0.475475
212020110,0,0,0,0.09405,0,0,0,0,1
202121010,0,0,0,0,0,0,0,0,0
22021110,0.95,0,0,0,0,0,0,0,0.9
210020121,0,0,0.47547,0.474525,0,0.479707,0,0,0
120112002,0,0,0,0,0,0,1,0.47025,0
202012110,0,0.9999,0,0,0,0,0,0,0.9
221010,0.459761,0,0.945292,0,0,0,0.455783,0,0.176055
110220210,0,0,1,0,0,0,0,0,0
102201102,0,0.474995,0,0,0.474952,0,0,0.474525,0
11220021,0.9,0,0,0,0,1,0,0,0
102211200,0,0.855,0,0,0,0,0,0.95,0
22100121,0.99,0,0,0,0.855,0,0,0,0
220121001,0,0,1,0,0,0,0,0.854145,0
200121210,0,0,0.94144,0,0,0,0,0,0.00940499
210221010,0,0,0,0,0,0,0.855,0,0
21201210,0.4275,0,0,0,0.47025,0,0,0,1
202110102,0,0,0,0,0,1,0,0,0
120011022,0,0,0.9405,0.9,0,0,0.855,0,0
112010202,0,0,0,0,0,0.094905,0,0,0
221010201,0,0,0,0.512999,0,1,0,0,0
100212120,0,0.95,0,0,0,0,0,0,0
2121102,1,0.86355,0,0,0,0,0,0.86355,0
212102121,0,0,0,0,0.5,0,0,0,0
11212002,0.9,0,0,0,0,0,0,1,0
102102021,0,0.95,0,0,0,0,0,0,0
112102221,0,0,0,0,1,0,0,0,0
202012011,0,1,0,0,0,0,0,0,0
101012202,0,1,0,0,0,0,0,0,0
21202110,0,0,0,0,0.9,0,0,0,1
100202112,0,0,0,0,0.0855,0,0,0,0
2112021,0.99,0,0,0,0,0,0.427496,0,0
110002020,0,0,1,0,0,0,0.855,0,0.730952
200012211,0,1,0,0.4275,0,0,0,0,0
2210121,0.99,0.47025,0,0,0,0.855,0,0,0
12001200,0.155131,0,0,0.095,0.949995,0,0,0.0949999,0.153515
210200112,0,0,0,0,0.9,0.009405,0,0,0
121202001,0,0,0,0,1,0,0.855,0.854999,0
12212100,0,0,0,0,0,0,0,0,0.94905
20102001,0,0,0.455672,0,0.537188,0,0.902543,0.536553,0
10022112,0,0,0,0,0,0,0,0,0
21102201,0.855,0,0,0,0.855,0,0,0.427496,0
112001220,0,0,0,0,0.0855,0,0,0,0.00854915
22100010,0,0,0,0,0.0935413,0.16894,0.0944806,0,0
10002021,0.945677,0,0.7695,0.445925,0.495154,0,0.1268,0,0
10102221,0.95,0,0.855,0,0,0,0,0,0
1121202,0.047025,0,0,0,0,0,0,0.0427975,0
202001010,0,0.174539,0,0.0849913,0.09405,0,0.0893475,0,0
212211000,0,0,0,0,0,0,0,1,0
101220021,0,1,0,0,0,0,0,0,0
102002100,0,0.07695,0,1,0,0,0,0.86389,0.0949964
10220211,0,0,0,0,0,0,0,0,0
2210112,0,1,0,0,0,0.52202,0,0,0
201020211,0,0.4275,0,0,0,1,0,0,0
102011022,0,0,0,1,0,0,0.513,0,0
120011220,0,0,0.0855,1,0,0,0,0,0
21012201,0,0,0,0.517275,0,0,0,0.855,0
110202102,0,0,0.999,0,0,0,0,0,0
211102200,0,0,0,0,0.475465,0,0,0.479275,0.474995
100012212,0,1,0,0.4275,0,0,0,0,0
10212021,1,0,0.855,0,0,0,0,0,0
1220211,0,0,0,0,0,1,0,0,0
122001012,0,0,0,0.95,0.855,0,0.855,0,0
200110122,0,0.854999,0.9,0,0,1,0,0,0
100212012,0,1,0,0,0,0,0,0,0
100220112,0,0.0047025,0.0475,0,0,0.475,0,0,0
110021202,0,0,1,0,0,0,0,0.854999,0
21102102,0,0,0,0,1,0,0,0,0
202121100,0,0.047025,0,0,0,0,0,0,0.0431775
21110220,0,0,0,0,0,0.9999,0,0,0
121220100,0,0,0,0,0,0.00431771,0,0.474568,0
210102012,0,0,0.855,0,0.99999,0,0,0,0
220110120,0,0,0,0,0,0.9999,0,0,0
120202101,0,0,0.855,0,0.999,0,0,0.9,0
11022102,0.9,0,0,0,0,0,0,0,0
122112000,0,0,0,0,0,0,0,0,1
202101012,0,0.864404,0,0,1,0,0,0,0
12011022,0,0,0,1,0,0,0.855,0,0
22120011,0,0,0,0,0,0,1,0,0
101200221,0,0.9,0,0,1,0.9,0,0,0
10020012,0.410726,0,0.00949915,0.000731026,0,0.00200028,0,0,0
112020012,0,0,0,0,0,0.431775,0.431775,0,0
10210122,0.4275,0,1,0,0,0.522491,0,0,0
12201201,0.09405,0,0,0,0.0855,0,0,0,0
211221,0.9,0.09405,0,0,0,0,0,0,0
121201002,0,0,0,0,0.475428,0,0.479322,0.47025,0
21200211,0,0,0,0,0,1,0,0,0
11221002,1,0,0,0,0,0,0,0.0855,0
122010102,0,0,0,1,0,0,0,0.00474525,0
22110120,1,0,0,0,0,0.9,0,0,0
221000112,0,0,0,0.86355,0,0.0855,0,0,0
102002010,0,0,0,0.825904,0.863041,0,0.84645,0,0.804126
10102122,0.9,0,0.94905,0,0,0,0,0,0
210012201,0,0,0,0.855,0,0,0,1,0
210122100,0,0,0.4275,0,0,0,0,0.000855941,0.47975
211000122,0,0,0,0.09405,0,0.0949991,0,0,0
201220110,0,0,0,0,0,0,0,0,1
202001100,0,0.492913,0,0.0944286,0.451906,0,0,0.094572,0.496047
200211012,0,1,0,0,0,0,0,0,0
121100220,0,0,0,0,0.0854145,0,0,0,0
121202010,0,0,0,0,0.949905,0,0.0855,0,0.855
20112201,1,0,0.513,0,0,0,0,0.4275,0
12120012,0,0,0,0,0,0,0,0,0
101201202,0,1,0,0,0.47025,0,0,0.4275,0
210202101,0,0,0,0,0,0,0,1,0
210021120,0,0,0,0.474525,0,0,0,0,0.945255
11202102,0.9,0,0,0,0.9,0,0,0,0
10112022,0,0,0.855,0,0,0,0,0,0
1221210,0.95,0,0,0,0,0,0,0,0
200112201,0,0.475047,0.474999,0,0,0,0,0.475432,0
20102121,0,0,0,0,0.95,0,0,0,0
212002011,0,0,0,0.95,0,0,0,0,0
112122021,0,0,0,0,0,0,1,0,0
122102010,0,0,0,0,0,0,1,0,0
112122000,0,0,0,0,0,0,1,0,0
101201220,0,1,0,0,0.855,0,0,0,0.9
212102100,0,0,0,0,0.431775,0,0,0,0.4275
101212200,0,0,0,0,0,0,0,0,1
11122020,1,0,0,0,0,0,0.854999,0,0.4275
100022112,0,0,0.855,1,0,0,0,0,0
121002120,0,0,0,0.9,1,0,0,0,0
212001012,0,0,0,0.855,0.999,0,0,0,0
201211002,0,0,0,0,0,0,1,0.0855,0
21202011,0,0,0,0,0.95,0,0.9,0,0
21120102,0.9,0,0,0,0,0,0,0.0855,0
21120012,0.906775,0,0,0,0,0.4275,0,0,0
10201221,0,0,0.999999,0,0.0949991,0,0,0,0
12120021,0,0,0,0,0,0,0.949996,0,0
121102020,0,0,0,0,0.95,0,0,0,0.855
102002121,0,0.95,0,0,0,0,0,0,0
202211001,0,0.432202,0,0,0,0,0.0427928,0,0
102100212,0,0,0,0,0.0855,0.0086355,0,0,0
120211002,0,0,0.907155,0,0,0,0.4275,0.47025,0
100211022,0,0,0.09405,0,0,0,0.4788,0,0
110021220,0,0,1,0,0,0,0,0,0
112002021,0,0,0,0.95,0,0,0,0,0
112100220,0,0,0,0,0.0855,0,0,0,0.0949136
100021212,0,0.0855,0.902975,0.0474525,0,0,0,0,0
200120211,0,0.004275,0.475,0,0,0.0855949,0,0,0
2120010,0,0,0,0,0,0.0731025,0.95,0,0.0864478
210201012,0,0,0,0,0.9999,0,0,0,0
200011122,0,0,1,0.9,0,0,0,0,0
201112221,0,0.5,0,0,0,0,0,0,0
112210002,0,0,0,0,0,0.474525,0,1,0
10221120,0,0,0.95,0,0,0,0,0,0.855
102220101,0,0,0,0,0,0,0,1,0
221112,0.475,0.04275,0.47025,0,0,0,0,0,0
211200012,0,0,0,0,0,0,0.0855,0,0
122001120,0,0,0,0.9,0.95,0,0,0,0.855
112201002,0,0,0,0,0.907207,0,0.4275,0.479313,0
12102120,0,0,0,0,0.4275,0,0,0,0.513
120021210,0,0,0.479746,0.4275,0,0,0,0,0
101122020,0,0.9,0,0,0,0,1,0,0.7695
101122221,0,1,0,0,0,0,0,0,0
101102220,0,0.9,0,0,0.854991,0,0,0,0.95
201021210,0,0,0,0.09405,0,0,0,0,1
220102011,0,0,0.475428,0,0.42797,0,0,0,0
221120010,0,0,0,0,0,0,0.0855,0,0.95
202100121,0,0.474952,0,0,0,0.4275,0,0,0
21022011,0.4275,0,0,0,0,0,1,0,0
21120210,0.47025,0,0,0,0,0.475047,0,0,0.517755
101202021,0,0.9,0,0,0.999,0,0,0,0
221011020,0,0,0,0.9,0,0,0.9,0,0
212012100,0,0,0,0,0,0,0,0.999,0.522063
221121,0,0.4275,1,0,0,0,0,0,0
210100212,0,0,0.09405,0,1,0,0,0,0
110220012,0,0,1,0,0,0.89775,0,0,0
12100221,0,0,0,0,0.95,0.855,0,0,0
1121220,0,0,0,0,0,0,0,0,1
11022120,0.999,0,0,0,0,0,0,0,0.47025
221020011,0,0,0,0.95,0,0.9,0,0,0
202011021,0,0.47025,0,0.9999,0,0,0.047025,0,0
120021012,0,0,0.474995,0.907246,0,0,0,0,0
221101002,0,0,0,0,0.999,0,0,0,0
201002121,0,0.4275,0,0,1,0,0,0,0
220102110,0,0,0.949999,0,0.855,0,0,0,0
102201201,0,0.855,0,0,1,0,0,0.094905,0
22201011,0.95,0,0,0,0,0,0,0,0
21112002,0.4275,0,0,0,0,0,1,0.4275,0
121001022,0,0,0,0,0,0,0,0,0
121002021,0,0,0,0.854991,0,0,0.09405,0,0
11021220,1,0,0,0,0,0,0,0,0
221121000,0,0,0,0,0,0,0,0.0855,0.999999
10212102,0,0,0.999,0,0,0,0,0,0
2121021,0,0.04275,0,0,0,0,0.4275,0,0
102012120,0,0,0,0.9,0,0,0,0,0.999
210112200,0,0,0.522405,0,0,0,0,1,0
101022201,0,1,0,0.4275,0,0,0,0,0
101120202,0,1,0,0,0,0.04275,0,0.52155,0
212011200,0,0,0,1,0,0,0,0,0
102001221,0,0.0855,0,0.855,0.999999,0,0,0,0
200120121,0,0.475,0.474952,0,0,0.474996,0,0,0
10122120,1,0,0.854991,0,0,0,0,0,0
11202021,0.999,0,0,0,0,0,0,0,0
201202101,0,0,0,0,0.9,0,0,0.99999,0
210120201,0,0,0.475042,0,0,0,0,0,0
121221,0,0,1,0,0,0,0,0,0
121212,0.4275,0,0.47025,0,0,0,0,0,0
122001021,0,0,0,0.09405,0.999,0,0,0,0
201001122,0,0.0094905,0,0.855,0.999999,0,0,0,0
112022100,0,0,0,1,0,0,0,0,0
120112020,0,0,0,0,0,0,0.9,0,1
2101122,0,0.95,0,0,0,0,0,0,0
200211021,0,0,0.9999,0,0,0,0,0,0
101202210,0,1,0,0,0.855,0,0,0,0
200212011,0,0.9999,0.855,0,0,0,0.9,0,0
122120010,0,0,0,0,0,0,0,0,0.855
110022012,0,0,1,0.855,0,0,0,0,0
221200101,0,0,0,0,0.9,0,0,0.9,0
101022102,0,1,0,0,0,0,0,0.855,0
11212020,0,0,0,0,0,0,0,0,0.95
122120001,0,0,0,0,0,0,0.999,0,0
101021022,0,1,0,0,0,0,0.855,0,0
110022210,0,0,1,0,0,0,0,0,0
200221110,0,0,0.0855,0,0,0,0,0,0.9999
122020101,0,0,0,1,0,0,0,0.9,0
211002021,0,0,0,0.4275,0.906822,0,0.4275,0,0
211220001,0,0,0,0,0,1,0.0855,0,0
101200122,0,1,0,0,0,0.854999,0,0,0
102202101,0,0,0,0,1,0,0,0,0
100211220,0,0.094905,0.09405,0,0,0,0,0,0
12102021,0.95,0,0,0,0,0,0,0,0
20120211,0,0,0.518225,0,0,0.0863645,0,0,0
221201010,0,0,0,0,0.855,0,0.95,0,0
202100112,0,0,0,0,0,0,0,0,0
211020210,0,0,0,0.0427932,0,0,0,0,0.0474957
22100211,0,0,0,0,0.0941355,0,0,0,0
212201100,0,0,0,0,0.522405,0,0,0.95,0
201012201,0,0,0,0,0,0,0,0.432245,0
101210202,0,1,0,0,0,0,0,0.84645,0
211100202,0,0,0,0,0,0,0,0,0
10220121,0.474525,0,0.0855,0,0,0.5225,0,0,0
212200011,0,0,0,0,1,0.855,0,0,0
211200021,0,0,0,0,0.0855,0,0.95,0,0
220021101,0,0,1,0,0,0,0,0.9,0
210012021,0,0,0.47025,0.474952,0,0,0.479703,0,0
220010121,0,0,1,0,0,0,0,0,0
2122110,1,0,0,0,0,0,0,0,0
210120120,0,0,0,0,0,0,0,0,0.47025
121102002,0,0,0,0,0.854999,0,0.9,0,0
121002012,0,0,0,0,0,0,0.9405,0,0
201012021,0,0.47025,0,0.517275,0,0,1,0,0
112020102,0,0,0,1,0,0,0,0.4275,0
201102012,0,0,0,0,0,0,0.0855,0,0
220001211,0,0,0,0.86355,0,0,0,0,0
10211202,0,0,0,0,0,0,0,1,0
20110122,0,0,0.9,0,0,0,0,0,0
212001120,0,0,0,0.4275,0,0,0,0,0.474952
10212201,0,0,0.094905,0,0,0,0,0,0
210202011,0,0,0,0,0,0,0,0,0
