100,0,0,0,0,0,0,0,0,0
1000102,0.0095,0.0827813,0,0.0126432,0.0823144,0.0827823,0,0.0162548,0
11000122,0.855949,0,0,0,0.008645,0,0,0,0
11102122,0,0,0,0,0,0,0,0,0
10,0,0,0,0,0,0,0,0,0
201010,0.16415,0.451324,0.861403,0,0.134481,0,0.123515,0,0.451291
200201110,0,0.855864,0.0940586,0,0.00949059,0,0,0,0.0864414
212201110,0,0,0,0,0,0,0,0,0
10000,0,0,0,0,0,0,0,0,0
12010000,0.451205,0,0,0.0451564,0,0.094995,0.0813062,0.455316,0.0894328
112012000,0,0,0,0,0,0,0,0,1
21010000,0.00821223,0,0,7.76154e-05,0,0.00449746,0.126387,0.000899477,0.00443863
21112000,0.0475,0,0,0,0,0,0.475,0,0.0474996
121112020,0,0,0,0,0,0,0,0,0
100000,0,0,0,0,0,0,0,0,0
100100020,0,0.813577,0.0812316,0,0.169085,0.0908088,0.945297,0,0.00949319
100100221,0,0.855863,0.84645,0,0.95,0,0,0,0
200000110,0,0.00094914,0.0902966,8.13818e-05,0.085595,0.0813153,0,0,0.949992
220010110,0,0,1,0,0,0.7695,0,0,0
100000000,0,0,0,0,0,0,0,0,0
110200000,0,0,0.89514,0,0.00902966,0.0159626,0.0164162,0.00783215,0.0126233
110220001,0,0,0.95,0,0,0,0.7695,0.4617,0
110221021,0,0,0.5,0,0,0,0,0,0
10102,9.74058e-06,0.418419,0.902975,0.0772417,0,0.00094906,0,0.410988,0
120010102,0,0,0.0864495,0.00431823,0,0.000949906,0,0,0
1,0,0,0,0,0,0,0,0,0
100002001,0,0.0088587,0.169183,0.095,0.907493,0,0.0421233,0.0879652,0
10100200,0.163333,0,0.816716,0,0.832167,0.460546,0,0.460508,0.949952
11100220,0,0,0,0,0,0,0,0,1
2011000,0.171737,0.407037,0,0.857786,0,0,0.0900282,0.447591,0.0454573
2011012,0.000855009,0.432724,0,0.0474996,0,0,0,0,0
102011212,0,0,0,0,0,0,0,0,0
1100200,0.419171,0.450881,0,0,0.456084,0.455319,0,0.135612,0.906818
121100200,0,0,0,0,0.522344,0.423225,0,0.95,0.5225
121101202,0,0,0,0,0.495,0,0,1,0
100020010,0,0.455275,0.459899,0.456995,0,0.462685,0.45619,0,0.858524
110020210,0,0,1,0.855,0,0.854145,0,0,0.007695
110122210,0,0,1,0,0,0,0,0,0
2110,0.821101,0.812899,0.855008,0.813625,0.812329,0,0,0,0.945725
201002110,0,0,0,0.0941355,0,0,0,0,0.094051
10000000,0,0,0,0,0,0,0,0,0
10000012,0.0949897,0,0.813152,0.0898397,0.902543,0.164036,0.0826644,0,0
11000212,0.0949914,0,0,0.00855855,0.941441,0,0,0,0
10002001,0.86144,0,0.443903,0.175335,0.456684,0,0.4593,0.45125,0
11022001,0.47975,0,0,1,0,0,0.428,0.855,0
11122021,0.5,0,0,0,0,0,0,0,0
100200010,0,0.451247,0.492692,0,0.945289,0.102558,0.118666,0,0.455231
110200012,0,0,0.0521559,0,0.0949525,0.0863636,0,0,0
110221012,0,0,0.5,0,0,0,0,0,0
110000200,0,0,0.949568,0.0739164,0.095,0.096682,0,0.017529,0.0894444
110221210,0,0,1,0,0,0,0,0,0
1000000,0,0,0,0,0,0,0,0,0
101020000,0,0.906453,0,0.0945106,0,0.0854258,0.0410708,0.094145,0.077656
101020021,0,1,0,0,0,0,0,0,0
20101,0.0454543,0.00941364,0.413887,0.00941448,0,0.459417,0,0.949536,0
10220101,0,0,0.863379,0,0,1,0,0.89262,0
110220121,0,0,0.4995,0,0,1,0,0,0
12000001,0.423248,0,0,0.171467,0.949955,0.450563,0.168171,0.451624,0
12102001,0.0475,0,0,0,0.00863645,0,0.0949992,0.00432246,0
112122001,0,0,0,0,0,0,1,0,0
200110000,0,0.089659,0.0949995,0,0,0.818025,0.450925,0.415067,0.0096666
201110020,0,0,0,0,0,0.00470682,0.855898,0,0.000863559
1000,0,0,0,0,0,0,0,0,0
200001100,0,0.175789,0.949952,0.166568,0.136006,0,0,0.447594,0.174639
220101100,0,0,1,0,0,0,0,0.854145,0
200100010,0,0.752459,0.95,0,0.821745,0.81204,0.0975586,0,0.168823
200121010,0,0.7695,0,0,0,0,0.95,0,0.9
221121010,0,0,0,0,0,0,0,0,1
2000110,0.804127,0.850651,0,0.775262,0.763848,0.855863,0,0,0.945293
102000112,0,0.521036,0,0.522268,0,1,0,0,0
100200100,0,0.170692,0.0982912,0,0.95,0.175425,0,0.452063,0.455355
110200102,0,0,0.902971,0,0.0094564,0.0949145,0,0.475,0
110202112,0,0,1,0,0,0,0,0,0
100010020,0,0.0739229,0.0748089,0.0414292,0,0.00960322,0.0094906,0,0.95
21100000,0.446015,0,0,0,0.94916,0.0166178,0.45527,0.167632,0.422751
21100021,0,0,0,0,1,0,0,0,0
10001002,0.165273,0,0.731426,0.882807,0.866231,0,0.949573,0.829131,0
12001012,0.0940499,0,0,0.474439,0.95,0,0.854914,0,0
112201012,0,0,0,0,0.5,0,0,0,0
200001010,0,0.821738,0.894724,0.892859,0.897786,0,0.945297,0,0.859061
221201110,0,0,0,0,0,0,0,0,0
210010000,0,0,0.00045417,0.403383,0,0.450923,0.0945471,0.898427,0.00161792
210011002,0,0,0,7.695e-07,0,0,0.0855864,8.55001e-05,0
10020010,0.88527,0,0.850078,0.818255,0,0.907207,0.891817,0,0.891111
10120210,0,0,1,0,0,0.7695,0,0,0
10122211,0.49995,0,1,0,0,0,0,0,0
102002110,0,0.007695,0,0,0.854991,0,0,0,1
122012110,0,0,0,0,0,0,0,0,1
10002100,0.16295,0,0.130909,0.089828,0.95,0,0,0.0865489,0.175755
10022110,0.84645,0,0.007695,1,0,0,0,0,0.854991
112022110,0,0,0,0,0,0,0,0,1
11200000,0.945725,0,0,0,0.897333,0.899039,0.863644,0.0804873,0.827675
11202001,0.7695,0,0,0,1,0,0,0,0
211202101,0,0,0,0,1,0,0,0,0
1000021,0.00890267,0.00864406,0,0.00161814,0.00892417,0.451243,0.011851,0,0
11000221,0.0436482,0,0,8.645e-07,0,0.000474996,0,0,0
10020100,0.456232,0,0.456054,0.945725,0,0.452956,0,0.456123,0.171732
12020101,0.432245,0,0,0.0949102,0,9.40586e-07,0,0.475,0
112020121,0,0,0,0.5,0,0,0,0,0
100120,0.9025,0.00941372,0.0451206,0,0.008645,0.0775338,0,0,0.0829156
200101120,0,0.0854915,0,0,0.95,0,0,0,0.093195
200121121,0,1,0.4995,0,0,0,0,0,0
110000002,0,0,0.945293,0.0812597,0.0886169,0.094145,0.0944511,0.53302,0
110120002,0,0,0.0949992,0,0,0.086355,0.08645,0.00086355,0
120000100,0,0,0.00494707,0.861846,0.0012694,0.00812398,0,0.000949136,0.00459516
120200101,0,0,0,0,0.863645,9.4906e-07,0,8.55096e-05,0
20110,0.0949914,0.129787,0.456131,0.000537376,0,0.0855094,0,0,0.949995
122110,0.000855,0,0.0941441,0,0,0,0,0,9.5e-05
210122110,0,0,0,0,0,0,0,0,1
12010,0.00486145,0.00503575,0.00937517,0.00147825,0,0,5.31706e-05,0,0.00415576
200112010,0,0.90725,0.00863645,0,0,0,0.474948,0,9.48965e-06
100022011,0,0,0,0,0,0,0.95,0,0
110022211,0,0,0,1,0,0,0,0,0
1000120,0.000385867,0.08645,0,0.0731195,0.94917,0.0443826,0,0,0.074815
1102120,0.431779,0.000855002,0,0,0.0898657,0,0,0,0
102000001,0,0.00982823,0,0.00828581,0.537667,0.0089349,0.00949915,0.00827838,0
102000211,0,0.84645,0,0,1,0.0854915,0,0,0
122100211,0,0,0,0,1,0,0,0,0
200000101,0,0.00950804,0.0501124,0.00750922,0.0129983,0.00571829,0,0.491903,0
200102101,0,9.41357e-10,0.428022,0,0.0475,0,0,0.475,0
221102101,0,0,0,0,0,0,0,0,0
10210,0.0488739,0.902049,0.000826315,0.374207,0,0.414695,0,0,0.41422
2010211,0.000949051,0.94145,0,0.00863551,0,0,0,0,0
20110000,0.00949145,0,0.00949479,0,0,0.880233,0.041101,0.000900744,0.0163229
22110001,1,0,0,0,0,0.7695,0.00854145,0.854914,0
100021000,0,0.945724,0.496807,0.459779,0,0,0.176181,0.496708,0.455389
100021201,0,0.862694,1,0.863635,0,0,0,0.864405,0
120001,0.463629,0.463489,0.138939,0,0,0.488259,0.456237,0.95,0
10122001,0.475,0,0.095,0,0,0,0.475047,0.470293,0
211122001,0,0,0,0,0,0,0.5,0.5,0
200011,0.863592,0.0884524,0.752144,0,0.895426,0.0902974,0.902928,0,0
120200011,0,0,0,0,9.49051e-06,0,0,0,0
120221011,0,0,0,0,0,0,0,0,0
11220100,0,0,0,0,0,1,0,0.84645,0
200010001,0,0.175814,0.501125,0.451666,0,0.419451,0.451697,0.451284,0
200011021,0,8.55857e-06,0.427936,0.00436098,0,0,9.40509e-05,0,0
20100100,0.907246,0,0.0949991,0,0.0894369,0.153683,0,0.0949868,0.154488
21102100,0,0,0,0,8.54992e-06,0,0,0.00085577,0
21102121,0,0,0,0,1,0,0,0,0
1200010,0.175717,0.451245,0,0,0.90246,0.0167008,0.176147,0,0.163976
211200010,0,0,0,0,0.95,0,0,0,0
211220110,0,0,0,0,0,0.9,0,0,1
200101000,0,0.770233,0.00869116,0,0.902928,0,0,0.336334,0.07695
210121000,0,0,0,0,0,0,0,0.854914,1
21001,0.0861806,0.00821187,0.945681,0.0451608,0,0,0.0941365,0.0937162,0
221011,0,0,0.085595,0,0,0,0.0949145,0,0
12221011,0,0,0,0,0,0,1,0,0
1000201,0.0501125,0.0447152,0,0.00886177,0.0857087,0.056914,0,0.00381717,0
101000020,0,0.95,0,0.0745971,0.095,0.0885361,0.090719,0,0.0174973
121100020,0,0,0,0,1,0,0.7695,0,0
20000101,0.0949136,0,0.0864499,0.00762543,0.094906,0.00827757,0,0.949957,0
21000010,0.418395,0,0,0.0861886,0.0898069,0.447196,0.45125,0,0.496008
21002110,0,0,0,0.00085577,8.55e-05,0,0,0,0
121002112,0,0,0,0,0,0,0,0,0
11020,0.0451854,0.0740845,0.0126302,0.536384,0,0,0.074059,0,0.0374152
200100001,0,0.452172,0.906739,0,0.495953,0.455315,0.451692,0.455355,0
210102001,0,0,0.0475,0,0.475,0,0.475,0.475,0
210102121,0,0,0.5,0,0.5,0,0,0,0
11020000,0.902932,0,0,0.0821707,0,0.0949944,0.166647,0.451279,0.095
11021200,0.094964,0,0,0,0,0,0,0.0855864,0.00941441
211021210,0,0,0,0.9,0,0,0,0,1
201100000,0,0.166557,0,0,0.857424,0.451661,0.45166,0.160006,0.168103
201100012,0,0,0,0,1,0,0,0,0
201112012,0,0,0,0,0,0,0,0,0
120020110,0,0,0,0.000949487,0,0.000940594,0,0,0.00474573
101020,0.774776,0.0940013,0.42765,0,0.949957,0,0.862186,0,0.00854145
1121020,0.854991,0.9,0,0,0,0,0.09234,0,0.95
210000010,0,0,0.738489,0.829808,0.902543,0.747784,0.0902504,0,0.095
211220011,0,0,0,0,0,1,0,0,0
112000000,0,0,0,0.893558,0.495997,0.906775,0.171215,0.52493,0.859788
112100002,0,0,0,0,0,1,0.855,0,0
100010002,0,0.443147,0.451743,0.162939,0,0.135613,0.501125,0.131953,0
122010112,0,0,0,0,0,1,0,0,0
10010200,0.0949955,0,0.00894426,0.0906227,0,0.0056547,0,0.945717,0.0949145
10210201,1,0,0,0,0,0.0940414,0,0,0
11212201,1,0,0,0,0,0,0,0,0
10201000,0.171946,0,0.451254,0,0.171434,0,0.176174,0.0524478,0.857862
10201102,0.095,0,0.474952,0,0.945293,0,0,0.474905,0
110201122,0,0,0.5,0,0,0,0,0,0
10000201,0.949957,0,0.10239,0.155242,0.167446,0.131103,0,0.450151,0
210001201,0,0,0.95,0.9,0,0,0,0.0948186,0
210011221,0,0,0,1,0,0,0,0,0
200000011,0,0.0939952,0.0938397,0.0949999,0.813265,0.76319,0.945293,0,0
102001,0.45125,0.119725,0.126862,0,0.0869227,0,0.451693,0.0462582,0
212102101,0,0,0,0,0,0,0,0.5,0
121,0.419208,0.176218,0.455355,0.167066,0.540579,0.089839,0,0,0
200100121,0,0.95,0.47025,0,0.478244,0.475,0,0,0
10201201,1,0,0,0,0.8645,0,0,0,0
110221201,0,0,1,0,0,0,0,0,0
201001,0.0900166,0.00161623,0.898435,0,0.129612,0,0.0930671,0.448008,0
120000001,0,0,0.00910469,0.155293,0.86634,0.0895101,0.0856972,0.08645,0
120002011,0,0,0,0.09405,0.00513001,0,0.0431767,0,0
120122011,0,0,0,0,0,0,0.5,0,0
112201000,0,0,0,0,0.522495,0,0.0949051,0.47499,0.475
112221001,0,0,0,0,0,0,1,0,0
100002010,0,0.420832,0.171218,0.0986808,0.907246,0,0.455595,0,0.12611
101022010,0,0.521075,0,1,0,0,0,0,0
101122012,0,0,0,0,0,0,0,0,0
121000,0.657922,0.833354,0.907203,0,0,0,0.817286,0.421301,0.872534
2121100,0.95,0,0,0,0,0,0,0.427072,0.7695
2121112,1,0,0,0,0,0,0,0,0
100001002,0,0.455721,0.0935292,0.451254,0.455758,0,0.902387,0.147525,0
102101002,0,0,0,0,0.00863464,0,0.949144,0.00864303,0
122101012,0,0,0,0,0,0,0,0,0
100200001,0,0.00252439,0.451661,0,0.945249,0.000949915,0.00894354,0.455335,0
110200201,0,0,0.864499,0,0.0949992,0.0855855,0,0,0
110201221,0,0,0,0,0,0,0,0,0
201000010,0,0.0897634,0,0.167632,0.175377,0.451993,0.945132,0,0.167328
201120010,0,0.0949915,0,0,0,0.522071,0.855,0,1
221120011,0,0,0,0,0,0,0,0,0
120000010,0,0,0.41835,0.0451818,0.170268,0.11856,0.455396,0,0.45125
122000011,0,0,0,0,0.0940595,0,0.0864491,0,0
122102011,0,0,0,0,0,0,0,0,0
102100,0.901695,0.0161573,0.094498,0,0.13005,0,0,0.444316,0.167538
2112100,0.864414,0,0,0,0,0,0,0,1
21121,0,1,0,0,0,0,0,0,0
102001000,0,0.448042,0,0.451251,0.949573,0,0.16448,0.167048,0.130858
102211000,0,0.0474568,0,0,0,0,0,0.474953,0.475
122211010,0,0,0,0,0,0,0,0,0.5
110200,0.0454898,0.447216,0.0885352,0,0,0.85811,0,0.0496927,0.095
112000,0.459372,0.451661,0.937944,0,0,0,0.459332,0.488658,0.504696
112120,0.00475,0,0.000941407,0,0,0,0,0,0.00864492
100112200,0,0,0,0,0,0,0,0,0.95
100100200,0,0.820685,0.829829,0,0.16799,0.827807,0,0.806128,0.906775
100110220,0,0.00855,0.0855,0,0,0.855941,0,0,1
1010020,0.00828751,0.00893394,0,0.0245293,0,0.00783439,0.504772,0,0.00949145
201010021,0,0,0,0.00863644,0,0.431822,0.00902462,0,0
201112021,0,0,0,0,0,0,0.5,0,0
211220101,0,0,0,0,0,1,0,0,0
110002000,0,0,0.902504,0,0.0940424,0,0.666029,0.731828,0.85544
110002021,0,0,0,8.55865e-05,8.6356e-05,0,0,0,0
110122021,0,0,0,0,0,0,0,0,0
2110000,0.0375702,0.0745828,0,0,0,0.949535,0.0163198,0.129272,0.0949992
102110002,0,0,0,0,0,1,0.00863456,0.086355,0
102110212,0,0,0,0,0,1,0,0,0
1002100,0.450966,0.0746627,0,0.094145,0.90725,0,0,0.374817,0.161809
1002121,0,0.7695,0,0,0.95,0,0,0,0
1122121,0.495,1,0,0,0,0,0,0,0
10020121,0.475,0,0.475,0.475047,0,0.522072,0,0,0
211020121,0,0,0,0,0,0.5,0,0,0
101000200,0,0.0459742,0,0.0446844,0.0410685,0.00407307,0,0.0248884,0.501079
101000221,0,0.00949906,0,0,0.00940501,0,0,0,0
100000201,0,0.0163348,0.0941449,0.0909641,0.537917,9.82255e-05,0,0.0893402,0
100010200,0,0.446827,0.154987,0.373721,0,0.367475,0,0.000950001,0.904664
120010,0.46282,0.49583,0.176109,0,0,0.0597844,0.945716,0,0.457002
122011,0.474996,0.427932,0.094906,0,0,0,0.95,0,0
100122211,0,0.49995,1,0,0,0,0,0,0
210120001,0,0,0.475457,0,0,0.474948,0.945721,0.475,0
210121021,0,0,0.5,0,0,0,0,0,0
21010,0.175798,0.492643,0.460696,0.45218,0,0,0.492768,0,0.94572
21021010,0.095,0,0,0.474957,0,0,0.0475,0,0.949572
102100000,0,0.0178692,0,0,0.00940587,0.0862399,0.94524,0.0221678,0.0894425
112102000,0,0,0,0,0,0,0.95,0,0.9
120200110,0,0,0.0475,0,0.0859789,0.086355,0,0,0.475
10010002,0.0739157,0,0.0899471,0.00857049,0,0.08645,0.095,0.536731,0
10012102,0,0,1,0.84645,0,0,0,0.07695,0
110012122,0,0,1,0,0,0,0,0,0
121210,0.95,0,0.9,0,0,0,0,0,0
110000020,0,0,0.536947,0.374045,0.08973,0.00888229,0.00175486,0,0.163736
121002100,0,0,0,0.95,0.0864499,0,0,0.00855009,0
1200001,0.0949478,0.0747278,0,0,0.0949915,0.0241304,0.00956029,0.0155214,0
11200201,1,0,0,0,0,0.864319,0,7.69501e-05,0
10120,0.0451216,0.00731911,0.0100003,0.00780178,0,0.0415068,0,0,0.00857459
20011120,0.00855085,0,0.941356,0,0,0,0,0,0
1100221,0.474953,0.00940501,0,0,0,0.0427547,0,0,0
11120221,0,0,0,0,0,0,0,0,0
10100020,0.45162,0,0.495163,0,0.167373,0.417663,0.12714,0,0.176221
112100020,0,0,0,0,0,0,0.95,0,0.7695
112101022,0,0,0,0,0,0,0.9999,0,0
102010000,0,0.407023,0,0.41544,0,0.095,0.00739244,0.0897955,0.945721
102010012,0,0.38475,0,0,0,1,0,0,0
102211012,0,0.5,0,0,0,0,0,0,0
12001,0.523279,0.0130696,0.0119792,0.00894288,0,0,0.0127075,0.00857374,0
12211,0.00902462,0.0474957,0,0.00941356,0,0,0,0,0
2112211,0,0,0,0,0,0,0,0,0
100020100,0,0.00949136,0.130456,0.949957,0,0.0949145,0,0.0941401,0.11822
100022101,0,0.855,0.854991,1,0,0,0,0.863548,0
110022121,0,0,0,1,0,0,0,0,0
21000001,0.0148531,0,0,0.00821199,0.00872572,0.817619,0.00045125,0.00941365,0
20000110,0.0824781,0,0.0864042,0.0484105,0.0488698,0.0899914,0,0,0.865867
22001110,1,0,0,0.465548,0,0,0,0,0.522457
102011002,0,0.474957,0,0.475,0,0,0.0940509,0.0906301,0
200110,0.0892021,0.0819568,0.121881,0,0.0821277,0.0821745,0,0,0.89478
201200110,0,0,0,0,0.00863644,0.00949145,0,0,0.00863637
100000210,0,0.451291,0.168176,0.122973,0.902267,0.130729,0,0,0.170663
110200210,0,0,0.863636,0,0.00949915,0.00855009,0,0,0
112200211,0,0,0,0,1,0,0,0,0
1012,0.102329,0.4517,0.460215,0.455356,0.945724,0,0.459746,0,0
10201012,0.07695,0,0.474952,0,0.949568,0,0.0093195,0,0
110201212,0,0,0,0,0,0,0,0,0
210100000,0,0,0.459016,0,0.902927,0.455721,0.462711,0.462688,0.175432
212100001,0,0,0,0,0.949953,0.431822,0.0941449,0.475,0
212112001,0,0,0,0,0,0,0,0.5,0
120010000,0,0,0.0448333,0.0410633,0,0.0459042,0.00568976,0.0160915,0.0532139
120012100,0,0,0.00855087,0,0,0,0,0,0.085501
10102000,0.451258,0,0.176224,0,0.130858,0,0.452063,0.417663,0.168486
12112000,0,0,0,0,0,0,0,0.7695,1
101002000,0,0.451697,0,0.0094145,0.0829683,0,0.0410596,0.0820463,0.041393
101102020,0,0.00864491,0,0,0.00094051,0,8.55001e-05,0,0.00094905
120001000,0,0,0.455322,0.406151,0.902967,0,0.483456,0.168094,0.451574
122001010,0,0,0,0.0474995,0.00855942,0,0.094051,0,0.0432203
200001001,0,0.85199,0.902974,0.863939,0.0695289,0,0.862781,0.731024,0
200211001,0,0,0.95,0,0,0,0.9,0,0
100201000,0,0.447923,0.492269,0,0.447604,0,0.0536622,0.159612,0.45125
102201001,0,0,0,0,0.945682,0,0.0094145,0.0423225,0
122201011,0,0,0,0,0,0,0,0,0
2101,0.0816028,0.00805679,0.078348,0.00941365,0.0821322,0,0,0.850387,0
212101,0,0,0,0,0,0,0,0,0
102010120,0,0,0,0.000470298,0,0.00094051,0,0,0.0051309
112200010,0,0,0,0,0.95,0,0.863379,0,0
112201210,0,0,0,0,1,0,0,0,0
101221000,0,0.0470768,0,0,0,0,0,0.00940587,0.043225
10000021,0.45125,0,0.824889,0.410716,0.163267,0.0492634,0.0851569,0,0
10102021,0.475,0,0.0475,0,0.0474996,0,0.474995,0,0
110102221,0,0,0,0,0,0,0,0,0
210011200,0,0,0,1,0,0,0,0.0940491,0
120100201,0,0,0,0,0.95,0,0,0.095,0
120101221,0,0,0,0,1,0,0,0,0
100000120,0,0.0086356,0.0528341,0.451627,0.00949992,0.00981143,0,0,0.0154498
110200120,0,0,0.475,0,0.428441,8.55002e-11,0,0,0.431822
2100001,0.949525,0.157325,0,0,0.1722,0.171271,0.0937277,0.098366,0
2110021,0.0432635,0.00863551,0,0,0,0.043225,0,0,0
12110200,0,0,0,0,0,0,0,0.00855,0.00086356
212110201,0,0,0,0,0,0,0,0,0
202001011,0,1,0,0,0.7695,0,0,0,0
200120011,0,0.0855,0.0949145,0,0,0.00427457,0.479318,0,0
210120211,0,0,1,0,0,0.45,0,0,0
1020010,0.171345,0.166973,0,0.456964,0,0.906048,0.455677,0,0.456161
121020010,0,0,0,0.949568,0,0.475047,0.474999,0,0.475
121021012,0,0,0,0.5,0,0,0.5,0,0
200011210,0,0.864319,0.0855855,1,0,0,0,0,0
200010112,0,0.000949146,0.0094906,0,0,9.41356e-05,0,0,0
200112001,0,0.475432,0.902975,0,0,0,0.474999,0.475,0
210112201,0,0,0,0,0,0,0,0.5,0
210110002,0,0,0.0863551,0,0,0.000864414,0.0855087,0.000949914,0
212110102,0,0,0,0,0,1,0,0,0
100021,0.126386,0.0871797,0.41906,0,0.907213,0.0938204,0.418465,0,0
101221,0,0.00855001,0.0949991,0,0.095,0,0,0,0
10121221,0,0,1,0,0,0,0,0,0
10200100,0.0569026,0,0.451656,0,0.945725,0.168109,0,0.454986,0.455758
10202110,0.0854145,0,0.855,0,1,0,0,0,0.863541
210100021,0,0,0.475,0,0.475,0.475,0.474957,0,0
211100221,0,0,0,0,0,0.5,0,0,0
2001010,0.9025,0.0982339,0,0.488384,0.54118,0,0.0825431,0,0.126738
22101010,1,0,0,0,0.7695,0,0,0,0
1020100,0.168054,0.493194,0,0.500866,0,0.902432,0,0.501104,0.383058
21020110,0.000864491,0,0,0.00517754,0,0.00855095,0,0,0.95
210120010,0,0,0.95,0,0,0.38475,0,0,0.9
211122010,0,0,0,0,0,0,0.45,0,1
200101,0.0111575,0.00827751,0.410223,0,0.00949917,0.00949136,0,0.016924,0
12200101,0.043225,0,0,0,0.00479236,9.49138e-06,0,0.475,0
12221101,0,0,0,0,0,0,0,0.5,0
210000001,0,0,0.455017,0.130721,0.452063,0.451653,0.944525,0.454934,0
212000011,0,0,0,0,0.0949999,0,0.0949991,0,0
210120100,0,0,0.423225,0,0,0,0,0.4617,1
212120101,0,0,0,0,0,0,0,0.5,0
1021,0.0455235,0.0949218,0.858528,0.049588,0.0821707,0,0.0827051,0,0
200101021,0,0,0.00940975,0,0.0907164,0,0,0,0
10001020,0.496374,0,0.451254,0.0934539,0.167775,0,0.176224,0,0.131288
10211020,0.427457,0,0,0,0,0,0.95,0,0.52138
11211220,1,0,0,0,0,0,0,0,0
20101000,0.863248,0,0.899888,0,0.902547,0,0.812227,0.863636,0.891746
120121000,0,0,0,0,0,0,0,1,0
201102001,0,0.474957,0,0,0.475,0,0.475,0.475,0
201112201,0,0.5,0,0,0,0,0,0.5,0
1202101,0,0,0,0,1,0,0,0.7695,0
121202101,0,0,0,0,1,0,0,0,0
120112,1,0.855,0.863379,0,0,0.854914,0,0,0
12120112,0.9,0,0,0,0,1,0,0,0
10021000,0.463882,0,0.902503,0.492674,0,0,0.176194,0.489375,0.464313
12121000,0,0,0,0,0,0,1,0,0
112121020,0,0,0,0,0,0,1,0,0
211000000,0,0,0,0.860724,0.81135,0.501008,0.907203,0.730695,0.861906
211000120,0,0,0,0,0.949952,0.0431823,0,0,0.094051
211100122,0,0,0,0,1,0,0,0,0
20001121,0.0949991,0,0.8645,0,1,0,0,0,0
10200010,0.0949451,0,0.0819524,0,0.9025,0.0862686,0.167729,0,0.0813213
210200011,0,0,0,0,0,0,1,0,0
210001210,0,0,0.07695,1,0.84645,0,0,0,0
210121210,0,0,1,0,0,0,0,0,0.9
20011000,0.00166067,0,0.00859559,0.0937942,0,0,0.00374772,0.0155141,0.00861029
221011000,0,0,0,0.000855001,0,0,9.49137e-07,0,0
221211010,0,0,0,0,0,0,1,0,0
20210101,8.55086e-05,0,8.64492e-08,0,0,0,0,0,0
22211101,1,0,0,0,0,0,0,0,0
201200101,0,0,0,0,0.086355,0.00855009,0,0,0
2001001,0.94953,0.899935,0,0.855996,0.864404,0,0.755465,0.788742,0
2101201,0,0,0,0,1,0,0,0,0
212101201,0,0,0,0,1,0,0,0,0
210000100,0,0,0.451653,0.443607,0.945297,0.160089,0,0.451324,0.0872618
210010120,0,0,0.475,0.47072,0,4.74949e-05,0,0,0
212011120,0,0,0,0.5,0,0,0,0,0
10210102,0,0,5.17323e-07,0,0,0.0009405,0,0.474568,0
12100021,0.475,0,0,0,0.945293,0.0474525,0.094127,0,0
212100121,0,0,0,0,0.5,0.5,0,0,0
100001020,0,0.168176,0.455725,0.418357,0.945682,0,0.175788,0,0.456233
100121020,0,1,0.07695,0,0,0,0.84645,0,0.7695
21001000,0.073344,0,0,0.0450882,0.0949569,0,0.00887283,0.0907117,0.902094
100120000,0,0.0941356,0.094145,0,0,0.450482,0.945642,0.0949915,0.415848
100122010,0,0.470725,0.0940594,0,0,0,0.52203,0,0.00855949
2100010,0.825469,0.171176,0,0,0.820787,0.175412,0.851671,0,0.95
202110010,0,1,0,0,0,0.863464,0.862695,0,0.00855
112000102,0,0,0,0.521973,0.850297,1,0,0,0
112021102,0,0,0,0.5,0,0,0,0,0
10100002,0.0895724,0,0.175595,0,0.752918,0.174792,0.94525,0.171943,0
10112002,0.7695,0,1,0,0,0,0.7695,0.07695,0
210112102,0,0,1,0,0,0,0,0,0
100000021,0,0.095,0.422932,0.451736,0.95,0.00813056,0.0886172,0,0
120100021,0,0,0.7695,0,1,0,0.0854915,0,0
11022100,0.38475,0,0,1,0,0,0,0.38475,0.7695
10112122,0,0,1,0,0,0,0,0,0
10001200,0.872601,0,0.667471,0.859633,0.872566,0,0,0.871371,0.949995
12001201,0,0,0,0.95,0.9,0,0,0.84645,0
12201211,0,0,0,0,1,0,0,0,0
100012000,0,0.00523986,0.0094145,0.0082046,0,0,0.0410711,0.00821269,0.44818
110212000,0,0,0.00855,0,0,0,0,0,0.0855855
110212120,0,0,0,0,0,0,0,0,0
1221100,0.0940595,0.432288,0,0,0,0,0,0.00855,0.945724
1221112,1,0.45,0,0,0,0,0,0,0
110102200,0,0,0.95,0,0.0941442,0,0,0,0.0949991
10201,0.949995,0.0176413,0.15449,0.095,0,0.0857013,0,0.00410561,0
201010201,0,0,0,1,0,0.465548,0,0,0
21110020,0,0,0,0,0,0,0.0941441,0,0.949136
12021001,0,0,0,0,0,0,1,0,0
100020121,0,1,0.0436084,0,0,0,0,0,0
102021121,0,1,0,0.495,0,0,0,0,0
20100112,0.95,0,0.7695,0,0.0931865,0.0854915,0,0,0
22110112,1,0,0,0,0,0.9,0,0,0
110112202,0,0,0.9,0,0,0,0,1,0
100100002,0,0.731795,0.154319,0,0.0901691,0.765143,0.902927,0.858416,0
120100012,0,0,0.00855941,0,0.466013,0.427457,0.475,0,0
121100212,0,0,0,0,0.5,0.5,0,0,0
1021120,0.00949999,1,0,0.84645,0,0,0,0,0.854145
101221120,0,1,0,0,0,0,0,0,0
20010001,0.0537198,0,0.8645,0.00740772,0,0.0520896,0.0813542,0.074713,0
102121,0.475,8.55085e-05,0.432245,0,0.0517793,0,0,0,0
21120100,0.95,0,0,0,0,0,0,0.9,0.854145
221121100,0,0,0,0,0,0,0,1,0.9
21121000,0.7695,0,0,0,0,0,0,1,0
10021,0.454581,0.00826946,0.0422441,0.0130327,0,0.0411007,0.0450913,0,0
12110221,0,0,0,0,0,0,0,0,0
201101020,0,0.00941442,0,0,0.00949136,0,0,0,0.00949135
201101122,0,0,0,0,1,0,0,0,0
221101,0,0.0855001,0.0043225,0,0,0,0,0.902927,0
102221101,0,0,0,0,0,0,0,0.5,0
1210,0.945254,0.447879,0.831305,0.460468,0.496619,0,0,0,0.475274
2001211,0,0.95,0,0,0.9,0,0,0,0
110020,0.00821218,0.00957878,0.00524711,0,0,0.00949754,0.0856274,0,0.00944863
100112020,0,0,0.0863559,0,0,0,0.00941364,0,9.50001e-07
110112220,0,0,0,0,0,0,0,0,1
12001021,0.474995,0,0,0.474525,0.479318,0,0.0949914,0,0
12211021,0.5,0,0,0,0,0,0,0,0
1201,0.0828582,0.0836698,0.906822,0.0949565,0.095,0,0,0.0170735,0
21211,0,0,1,0,0,0,0,0,0
211200100,0,0,0,0,0.95,0.854999,0,0,0
211221100,0,0,0,0,0,0,0,0,1
112000201,0,0,0,0,1,0,0,0,0
120110002,0,0,8.64492e-07,0,0,0.00436093,0.00949521,0.00855001,0
122110012,0,0,0,0,0,1,0,0,0
21011020,0,0,0,0,0,0,0.0949905,0,0.855
10010020,0.452063,0,0.459414,0.418825,0,0.451504,0.455851,0,0.95
10112020,0,0,0.423225,0,0,0,0,0,0.95
11112022,0,0,0,0,0,0,1,0,0
210200101,0,0,0.0047453,0,0.00855864,9.41355e-05,0,0.432246,0
210201121,0,0,0.5,0,0,0,0,0,0
11010220,0.84645,0,0,0,0,0,0,0,1
211110220,0,0,0,0,0,0.495,0,0,1
210001,0.0207998,0.0162533,0.894761,0,0,0.00819795,0.0095,0.0192077,0
201210001,0,0,0,0,0,0.0941423,1,0.86355,0
221210011,0,0,0,0,0,0,1,0,0
102120010,0,0.0854915,0,0,0,0.0949992,1,0,0.84645
101020120,0,1,0,0,0,0.07695,0,0,0.854999
101022121,0,0,0,1,0,0,0,0,0
11001202,0.854145,0,0,0.0854992,0,0,0,1,0
100001221,0,0.09405,0.094905,0,0.940595,0,0,0,0
101102002,0,0.00475,0,0,0,0,0.513,8.55e-07,0
121112002,0,0,0,0,0,0,0.5,0,0
200010100,0,0.08645,0.501121,0.0860548,0,0.0754293,0,0.0536508,9.66585e-05
10000102,0.0915291,0,0.898849,0.170143,0.452091,0.168915,0,0.170938,0
10200112,0.7695,0,0,0,0.95,0,0,0,0
211200112,0,0,0,0,1,0,0,0,0
120120010,0,0,0.00095,0,0,0.474996,0.475432,0,0.0427496
121120210,0,0,0,0,0,0.5,0,0,0.5
120101002,0,0,0,0,0.094127,0,0.0517356,0.00854145,0
1120201,0.43225,0.0513009,0,0,0,0.475,0,0.00855941,0
11122201,0.5,0,0,0,0,0,0,0,0
110010022,0,0,0.863849,0,0,0.7695,1,0,0
112010122,0,0,0,0.499999,0,1,0,0,0
1021210,0.0085595,0.046978,0,0.00855,0,0,0,0,0.475432
121021210,0,0,0,0,0,0,0,0,0.5
1102,0.10231,0.170739,0.127045,0.451254,0.90725,0,0,0.0865497,0
201112,0.0941449,0.475,0.475,0,0.949996,0,0,0,0
21201112,0,0,0,0,0.5,0,0,0,0
11021002,1,0,0,0.855,0,0,0,0.07695,0
210021010,0,0,0,0.95,0,0,0,0,0
211221010,0,0,0,0,0,0,0,0,1
2100100,0.949573,0.0657923,0,0,0.891915,0.7695,0,0.0730294,0.0948672
12120100,0.949957,0,0,0,0,0.000941432,0,0.474994,0.08645
12122101,0,0,0,0,0,0,0,0,0
110002,0.0877277,0.117566,0.0864415,0,0,0.949953,0.0464614,0.168103,0
100110022,0,0.0949041,0.862695,0,0,0.862695,1,0,0
12200011,0.086449,0,0,0,0.0007695,0,0.949145,0,0
112202011,0,0,0,0,1,0,0,0,0
210010201,0,0,0,1,0,0.423225,0,0.522413,0
211012201,0,0,0,1,0,0,0,0.49995,0
210010021,0,0,0.475,0.945724,0,0.474995,0.475475,0,0
210110221,0,0,0,0,0,0.5,0,0,0
11221102,1,0,0,0,0,0,0,0,0
100202110,0,0,0,0,0,0,0,0,0.95
101202112,0,0,0,0,1,0,0,0,0
112,0.17471,0.778946,0.892427,0.892725,0.854522,0.90725,0,0,0
100020112,0,0.000474957,0.0897797,0.95,0,0.0949915,0,0,0
110022112,0,0,0.9,1,0,0,0,0,0
20011,0.050017,0.170249,0.095,0.0937175,0,0.0906786,0.94525,0,0
1020211,0.00897845,0.427547,0,0.0085595,0,0.949996,0,0,0
121020211,0,0,0,0,0,0.5,0,0,0
202011001,0,1,0,0.7695,0,0,0,0,0
101200000,0,0.459007,0,0,0.0086364,0.00941442,0.00830937,0.00879505,0.0409793
101200102,0,0.474572,0,0,0.00479233,0.00941364,0,0,0
11100022,0.95,0,0,0,0.84645,0,0.9,0,0
102121021,0,0.9,0,0,0,0,1,0,0
11000020,0.9025,0,0,0.155067,0.410283,0.451216,0.0468192,0,0.0894339
11020021,0.427547,0,0,0.00855864,0,0.0906305,0,0,0
102000100,0,0.0122207,0,0.0452421,0.0165792,0.00890453,0,0.0125575,0.949136
200010010,0,0.906884,0.095,0.0949207,0,0.0933771,0.0949992,0,8.78857e-05
201010012,0,0,0,0.0855,0,0,0.00855086,0,0
21100,0.135968,0.460665,0.452018,0.463069,0,0,0,0.95,0.456233
200021110,0,0,0,0.855769,0,0,0,0,1
201221110,0,0,0,0,0,0,0,0,1
11122102,1,0,0,0,0,0,0,0,0
20011210,0.08645,0,0.00941355,0.479322,0,0,0,0,0.0423225
22011211,1,0,0,0,0,0,0,0,0
220110100,0,0,1,0,0,0.007695,0,0.094905,0.09405
220112110,0,0,1,0,0,0,0,0,0
110220112,0,0,0,0,0,1,0,0,0
1002001,0.496291,0.134725,0,0.15659,0.95,0,0.454873,0.414788,0
121002001,0,0,0,0,0.95,0,0.38475,0,0
11020210,0.95,0,0,0.0854992,0,0.7695,0,0,0.0854145
100122001,0,0.042836,0.0864406,0,0,0,0.945678,0,0
101122201,0,0.5,0,0,0,0,0,0,0
120021100,0,0,0,0.513495,0,0,0,1,0.7695
201000001,0,8.8551e-05,0,0.00863983,0.0458313,0.487882,0.00407075,0.00413927,0
201000121,0,0.00940587,0,0,0.00906737,0.474572,0,0,0
201102121,0,0,0,0,0.5,0,0,0,0
10200001,0.46004,0,0.167413,0,0.532974,0.166863,0.176075,0.41514,0
210100,0.0366802,0.0409793,0.491904,0,0,0.0812171,0,0.0447595,0.0852937
210100120,0,0,0.475,0,0.949573,0.475,0,0,0.0940595
212110120,0,0,0,0,0,0.5,0,0,0
210021100,0,0,0.423225,0.84645,0,0,0,0.522457,1
202110001,0,1,0,0,0,0.508716,0.854914,0.436315,0
211010002,0,0,0,8.54915e-08,0,0,0.855855,0.000949907,0
211211002,0,0,0,0,0,0,1,0,0
2010100,0.904664,0.135566,0,0.159653,0,0.0821386,0,0.118649,0.447277
2211100,0.475005,0.949953,0,0,0,0,0,0.474863,0.475
2211112,0,0.5,0,0,0,0,0,0,0
2021011,0.855,0.863541,0,0.777964,0,0,1,0,0
102221011,0,0,0,0,0,0,1,0,0
201010000,0,0.0731509,0,0.00940595,0,0.451286,0.905112,0.377696,0.147773
201011200,0,0,0,1,0,0,0,0,0.7695
211011202,0,0,0,0.9,0,0,0,1,0
2101000,0.00935724,0.855073,0,0,0.949996,0,0.00949897,0.810633,0.0891923
2001100,0.94916,0.460374,0,0.455312,0.459418,0,0,0.166996,0.459009
202011100,0,1,0,0.864012,0,0,0,0,0.0854915
201001000,0,0.00813875,0,0.000987621,0.00863645,0,0.00944849,0.0164001,0.010184
201011002,0,0,0,0.000855951,0,0,9.49993e-07,9.40509e-05,0
110001022,0,0,0.50445,0.893466,0,0,1,0,0
100102,0.949222,0.0747354,0.0942184,0,0.0094145,0.0907176,0,0.162524,0
101122,0.095,0,0,0,0.86355,0,0,0,0
21101122,0,0,0,0,1,0,0,0,0
1021012,1,0,0,0.522491,0,0,0,0,0
10102012,0.007695,0,0,0,0.95,0,0.7695,0,0
110122012,0,0,1,0,0,0,0,0,0
2101021,0.07695,0,0,0,0.95,0,0.095,0,0
202101121,0,1,0,0,0.495,0,0,0,0
100201,0.125631,0.129725,0.00906157,0,0.949551,0.45166,0,0.451185,0
110221,0.00474996,0,0,0,0,0.00432246,0,0,0
1112221,0.5,0,0,0,0,0,0,0,0
1100122,0.094145,0.0940501,0,0,0.094051,0,0,0,0
1121122,1,0,0,0,0,0,0,0,0
210112000,0,0,0.0902454,0,0,0,0.474995,0.475,9.49051e-05
212000110,0,0,0,0,0,0.00949136,0,0,0.0949992
1001020,0.163182,0.159421,0,0.0884555,0.0906694,0,0.0941449,0,0.949572
1211020,0.00949905,0,0,0,0,0,0.000855096,0,0.949136
100201021,0,0.086355,0.043225,0,0.941017,0,0,0,0
101000002,0,0.492317,0,0.000447595,0.0425993,0.0121805,0.0855501,0.0102194,0
101002102,0,0,0,0.855864,0.000949991,0,0,0,0
110012200,0,0,8.55095e-06,0,0,0,0,0.941364,9.40511e-08
110001220,0,0,0.7695,0,0,0,0,0,1
10010221,0.949953,0,0,0.00855086,0,0.432207,0,0,0
10211221,1,0,0,0,0,0,0,0,0
122001100,0,0,0,0.43225,0.000863551,0,0,9.41356e-07,0.00427932
122201110,0,0,0,0,0,0,0,0,0.5
100002211,0,0,0.854999,0,0.95,0,0,0,0
101202211,0,0,0,0,1,0,0,0,0
1110022,0.863635,0.0094982,0,0,0,0.0940499,1,0,0
121110022,0,0,0,0,0,0,1,0,0
10221100,9.49915e-06,0,0.474999,0,0,0,0,0.000474995,0.95
200211100,0,0.0864414,0.90678,0,0,0,0,0.0427975,0
202211101,0,1,0,0,0,0,0,0.4995,0
201110200,0,0.470721,0,0,0,0.475,0,0.432631,8.5595e-05
1000012,0.16732,0.451291,0,0.171398,0.95,0.16342,0.41911,0,0
121000012,0,0,0,0.475,0.475,0.42797,0.475,0,0
121200112,0,0,0,0,0.5,0,0,0,0
201000100,0,0.0821267,0,0.0813079,0.907202,0.00461871,0,0.0860633,0.0094145
221100100,0,0,0,0,0.95,0,0,0,0
112200001,0,0,0,0,0.95,0.0948879,0,0.427457,0
20012101,0.0949905,0,0.00940509,0,0,0,0,0,0
100010122,0,0,0.470687,4.70255e-05,0,8.55095e-05,0,0,0
110210122,0,0,0.5,0,0,0,0,0,0
100021120,0,1,0,0,0,0,0,0,0
20001001,0.825262,0,0.945293,0.065875,0.811518,0,0.154239,0.81996,0
1102102,0.00864405,0,0,0,0.0863559,0,0,0,0
1122112,1,0,0,0,0,0,0,0,0
202010101,0,1,0,0.04788,0,0,0,0.522444,0
20000011,0.412295,0,0.0805029,0.000900713,0.410236,0.00454487,0.902463,0,0
20010211,0.95,0,0,0.7695,0,0.470203,0,0,0
220011211,0,0,0.9,1,0,0,0,0,0
121100221,0,0,0,0,1,0,0,0,0
112000210,0,0,0,0,1,0.7695,0,0,0
112102210,0,0,0,0,0.9,0,0,0,1
22100110,1,0,0,0,0,0.86355,0,0,0
2110210,0,8.63551e-06,0,0,0,8.64414e-05,0,0,0.0855
10221112,1,0,0,0,0,0,0,0,0
101200,0.089258,0.519492,0.095,0,0.902543,0,0,0.084645,0.0945249
10101202,0.7695,0,0,0,0,0,0,1,0
211101202,0,0,0,0,0.9,0,0,1,0
212120110,0,0,0,0,0,0,0,0,1
10012000,0.00447148,0,0.00455649,0.00155068,0,0,0.00646231,0.00532776,0.00949989
210012001,0,0,0.0475,0.00863558,0,0,0.00906395,0.475,0
211212001,0,0,0,0,0,0,1,0,0
2100112,0.7695,0.864464,0,0,0,1,0,0,0
202101112,0,0.9,0,0,1,0,0,0,0
1100002,0.10231,0.455713,0,0,0.444101,0.166787,0.949525,0.103109,0
120100,0.9022,0.00949568,0.08566,0,0,0.0821547,0,0.0905482,0.0095
122101,0.043225,0.00855,0,0,0,0,0,0.0479275,0
10122121,0.5,0,0,0,0,0,0,0,0
20010100,0.0095,0,0.949992,0.00414217,0,0.00879682,0,0.00909726,0.0171393
20010121,0.949914,0,0.00949906,0,0,0,0,0,0
220011121,0,0,1,0,0,0,0,0,0
210020011,0,0,0,0,0,0,0.95,0,0
211020211,0,0,0,1,0,0.49995,0,0,0
22110121,1,0,0,0,0,0,0,0,0
201100120,0,0.0855,0,0,0.95,0,0,0,0
101020102,0,0.00479749,0,0.0428365,0,0.000940586,0,9.40595e-05,0
1001002,0.896674,0.450379,0,0.799376,0.810706,0,0.949957,0.857618,0
21001102,0,0,0,0.427496,0.95,0,0,0.093956,0
121001122,0,0,0,0,1,0,0,0,0
10011202,0,0,0,0.7695,0,0,0,1,0
102210010,0,0.00474572,0,0,0,8.64405e-05,0,0,0.043691
102212110,0,0,0,0,0,0,0,0,1
12001102,0.00949906,0,0,0.475,0.522453,0,0,0.474996,0
112001122,0,0,0,0.5,0,0,0,0,0
21021112,1,0,0,0,0,0,0,0,0
210210001,0,0,0.0855,0,0,0,1,0.5225,0
210210121,0,0,0.5,0,0,0,0,0,0
110000221,0,0,0.0940501,0,0.0855942,0,0,0,0
112100221,0,0,0,0,1,0,0,0,0
11200,0.08645,0.0780083,1.55125e-06,0.949953,0,0,0,0.0941364,0.0940586
211210,1,0.38475,0,0,0,0,0,0,0
120211210,0,0,0,0,0,0,0,0,0.5
201020011,0,0,0,0.00855009,0,0.0094914,0.436486,0,0
200210101,0,0.000855941,0.0047966,0,0,0,0,0.00470721,0
102200110,0,0.47414,0,0,0.47496,0.095,0,0,0.47975
102201112,0,0.5,0,0,0.5,0,0,0,0
112002100,0,0,0,0.95,0.862695,0,0,0,0.9
10012,0.0805014,0.496375,0.419151,0.0772871,0,0.0949996,0.0454507,0,0
200110012,0,8.55856e-08,0.00855,0,0,0.00863559,0,0,0
221110012,0,0,0,0,0,0,0,0,0
1010200,0.451749,0.419106,0,0.168914,0,0.41876,0,0.168836,0.904664
201012211,0,0.49995,0,1,0,0,0,0,0
200102110,0,0.854145,0.7695,0,0.864491,0,0,0,0.95
12001000,0.171354,0,0,0.451287,0.949957,0,0.168098,0.455319,0.163686
12101020,0.469395,0,0,0,0.95,0,0.0855,0,0
12121021,0,0,0,0,0,0,1,0,0
121020100,0,0,0,0.854145,0,0,0,1,0.38475
101021002,0,0.479707,0,0.43225,0,0,0.0941445,0.0085595,0
101021122,0,1,0,0,0,0,0,0,0
202110100,0,1,0,0,0,0.7695,0,0,0
202112101,0,1,0,0,0,0,0,0,0
11000002,0.949877,0,0,0.0902573,0.00949137,0.00244545,0.00944865,0.0987918,0
11200102,0.08645,0,0,0,0.0864499,0.0855,0,0,0
102120001,0,0.854914,0,0,0,0,1,0.07695,0
201020101,0,0.000855941,0,0.00085595,0,0.000864414,0,0.00855437,0
1020001,0.0133566,0.37497,0,0.0949991,0,0.907206,0.447189,0.0863684,0
12010021,0.475,0,0,0.474572,0,0.470721,0,0,0
212011,0.000940586,0,0,0,0,0,0.0855865,0,0
100012,0.833342,0.812276,0.949568,0,0.854384,0.821015,0.885463,0,0
112012,0,0.07695,1,0,0,0,0,0,0
20112112,0,0,1,0,0,0,0,0,0
110020000,0,0,0.949988,0.413933,0,0.168786,0.095,0.0167024,0.410551
110220100,0,0,0,0,0,1,0,0.00427073,0
110221102,0,0,0.5,0,0,0,0,0,0
20201101,8.55e-05,0,0.00864405,0,0.000855001,0,0,0.855001,0
112100200,0,0,0,0,0.9,0.84645,0,0.95,0.864488
102011020,0,0,0,0.00470297,0,0,0.85595,0,0.00859319
122011120,0,0,0,0,0,0,0,0,0
102012010,0,0,0,0,0,0,0.86184,0,1
2000011,0.00949923,0.017425,0,0.00828591,0.08645,0.0908982,0.945297,0,0
2100211,0,0.84645,0,0,1,0,0,0,0
20011012,0.000940483,0,0.0513865,0.475,0,0,0.427543,0,0
22011001,1,0,0,0.7695,0,0,0,0,0
1101220,0,0,0,0,0,0,0,0,1
200011000,0,0.0855821,0.0949182,0.90678,0,0,0.0949145,0.454952,0.0821024
12000100,0.451258,0,0,0.451696,0.456035,0.456119,0,0.491538,0.949957
12200110,0,0,0,0,0.431771,0.00094905,0,0,0.00949564
12112,0,0,1,0,0,0,0,0,0
12000010,0.0813061,0,0,0.442417,0.945678,0.082166,0.095,0,0.813047
12000211,0.86355,0,0,0.094905,1,0,0,0,0
2011102,0.00855086,0.432682,0,0.475,0,0,0,0.431822,0
12011122,0,0,0,0.5,0,0,0,0,0
22010011,1,0,0,0.000769501,0,0,0,0,0
210212101,0,0,0,0,0,0,0,0,0
20110021,0.00941355,0,0.00855085,0,0,0,0,0,0
10002010,0.819536,0,0.85585,0,0.9025,0,0.00657923,0,0.0666811
121000000,0,0,0,0.455316,0.945682,0.455319,0.0931261,0.103123,0.411127
12201100,0.474482,0,0,0,0.474525,0,0,0.475,0.475
12211120,0.5,0,0,0,0,0,0,0,0.5
202112110,0,0.9,0,0,0,0,0,0,1
211000,0.464312,0.463426,0.492229,0,0,0,0.541737,0.125493,0.489396
2211010,0.08645,0.518182,0,0,0,0,0.086355,0,0.470297
22211011,1,0,0,0,0,0,0,0,0
10020001,0.49853,0,0.496636,0.500434,0,0.945515,0.4678,0.484984,0
210122011,0,0,0,0,0,0,0.5,0,0
1002010,0.163316,0.150877,0,0.168059,0.949514,0,0.458596,0,0.118751
101002210,0,0.475,0,8.5501e-06,0.432677,0,0,0,0.470293
210012100,0,0,0.0898229,0,0,0,0,0.0043092,0.0864405
102211120,0,0,0,0,0,0,0,0,0.5
202010011,0,1,0,0,0,0,0.0941415,0,0
202112011,0,1,0,0,0,0,0,0,0
11001022,0.95,0,0,0,0,0,0.9,0,0
10211002,0,0,0.431775,0,0,0,0.0941442,0.907207,0
110211022,0,0,0,0,0,0,1,0,0
11212000,0.00863551,0,0,0,0,0,0.000941441,0,0
12100210,0.854914,0,0,0,1,0.0949998,0,0,0.0948194
12101212,0,0,0,0,1,0,0,0,0
10000120,0.858143,0,0.45125,0.45125,0.130079,0.0166062,0,0,0.425632
12001120,0.475,0,0,0.475,0.475,0,0,0,0.47453
212001121,0,0,0,0.5,0.5,0,0,0,0
102101020,0,0.855855,0,0,0.095,0,0.0864492,0,0
2001112,0.95,0,0,0.427072,0,0,0,0,0
202011112,0,1,0,0,0,0,0,0,0
1120021,0.423225,1,0,0,0,0,0,0,0
211120021,0,0,0,0,0,0.5,0,0,0
101210020,0,0,0,0,0,0,0.008645,0,0.00949051
101211022,0,0,0,0,0,0,1,0,0
101020201,0,0.518173,0,8.55855e-07,0,0.00898229,0,0.00863645,0
101022211,0,0.45,0,1,0,0,0,0,0
100010212,0,0.475,8.64415e-05,0.470254,0,0.047927,0,0,0
101022001,0,0.7695,0,1,0,0,0,0.07695,0
121122001,0,0,0,0,0,0,0,1,0
10120000,0.464118,0,0.906786,0,0,0.171394,0.463572,0.463468,0.171406
11122000,0.95,0,0,0,0,0,0.0474999,0.0042797,0.00941365
200101102,0,0,0.07695,0,1,0,0,0.84645,0
210000121,0,0,0.475,0.474995,0.475,0.475,0,0,0
212010121,0,0,0,0.5,0,0.5,0,0,0
11221120,0,0,0,0,0,0,0,0,0
11202112,0,0,0,0,1,0,0,0,0
20110201,0.43263,0,0.00864415,0,0,0.0474573,0,0,0
20112211,0.5,0,0,0,0,0,0,0,0
2021110,0.0941365,8.55856e-05,0,0.470673,0,0,0,0,0.479703
122021110,0,0,0,0,0,0,0,0,0
1102210,0.475,0.475,0,0,0.475,0,0,0,0.474999
201112210,0,0.5,0,0,0,0,0,0,0
2010010,0.008645,0.902504,0,0.000970628,0,0.0948702,0.00820397,0,0.443658
102010,0.89108,0.0133771,0.168915,0,0.16595,0,0.451327,0,0.130474
201102010,0,0.0474957,0,0,0.945721,0,0.474995,0,9.23401e-05
221112010,0,0,0,0,0,0,0.5,0,0
112122010,0,0,0,0,0,0,0,0,1
210001012,0,0,0.7695,0.0949125,0.99999,0,0.094145,0,0
210201112,0,0,0,0,1,0,0,0,0
210001120,0,0,0.474943,0.38475,0.522029,0,0,0,0.0949992
211001122,0,0,0,0,1,0,0,0,0
101002,0.00948965,0.0838851,0.738335,0,0.94572,0,0.0902505,0.0085582,0
12101002,0.095,0,0,0,0.949991,0,0.00949137,0,0
212101012,0,0,0,0,1,0,0,0,0
121001020,0,0,0,0,1,0,0.0949999,0,0.855
121011022,0,0,0,0,0,0,1,0,0
1010002,0.0821924,0.12166,0,0.123072,0,0.125988,0.949996,0.095,0
101112022,0,0,0,0,0,0,1,0,0
2011,0.049628,0.0933689,0.0161809,0.0948717,0.095,0,0.898395,0,0
211010221,0,0,0,1,0,0.499999,0,0,0
10121200,0,0,0,0,0,0,0,0.95,0.84645
10121212,0.9,0,1,0,0,0,0,0,0
2011021,0.00906822,0.00864491,0,0.432246,0,0,0,0,0
120021001,0,0,0.95,0.855,0,0,0.7695,0.9,0
120021211,0,0,1,0,0,0,0,0,0
1120000,0.451625,0.455477,0,0,0,0.0898401,0.452095,0.906818,0.176148
101120200,0,0.90297,0,0,0,0.0432245,0,0.08645,0.436956
110012020,0,0,0.094145,0,0,0,0.0855941,0,0.8645
1200100,0.00821334,0.0893894,0,0,0.901774,0.0949999,0,0.0741519,0.415101
1201000,0.175443,0.450916,0,0,0.450443,0,0.00949915,0.0894127,0.898841
101201020,0,8.55002e-06,0,0,0.0855094,0,9.40499e-07,0,0.0949051
2101120,0.0945208,0.0940586,0,0,0.0475474,0,0,0,0
211,0.896901,0.894114,0.86359,0.902504,0.527498,0.857524,0,0,0
102000010,0,0.12669,0,0.170707,0.168834,0.174973,0.168176,0,0.902566
102201010,0,0.0470673,0,0,0.945682,0,0.0941449,0,0.474999
211020010,0,0,0,0,0,0,0.95,0,0.9
102011122,0,0,0,0.5,0,0,0,0,0
2201101,0.009025,0.00855855,0,0,0.0431822,0,0,0.475,0
122201101,0,0,0,0,0,0,0,0,0
121210000,0,0,0,0,0,0,0.00474957,0,0.432207
121210012,0,0,0,0,0,0,0.5,0,0
1201210,1,0,0,0,0,0,0,0,0.521122
212010001,0,0,0,0.00475427,0,0.0470297,8.5501e-06,0.475,0
212110021,0,0,0,0,0,0.5,0,0,0
101020012,0,0.475,0,0.0479276,0,0.0864406,0.474572,0,0
101100220,0,0.95,0,0,0.854914,0,0,0,0.9
121110220,0,0,0,0,0,0,0,0,1
2010001,0.905108,0.0095,0,0.0901305,0,0.0118556,0.0739879,0.414702,0
22010101,1,0,0,0.84645,0,0.7695,0,0.864482,0
22011121,1,0,0,0,0,0,0,0,0
12010102,0.0084645,0,0,0,0,1,0,0.427072,0
11020120,0.902975,0,0,0.000863551,0,0.00470683,0,0,0.0949051
100210,0.167381,0.455312,0.163785,0,0.945682,0.455319,0,0,0.130822
21100210,0.0474957,0,0,0,0.475,0.470207,0,0,0.475
21110212,0,0,0,0,0,0.5,0,0,0
120011002,0,0,0.431822,0.475,0,0,0.0906386,0.00855855,0
2112001,0.945725,0.0864492,0,0,0,0,0,0.474572,0
120010210,0,0,0,0.474957,0,0.0475,0,0,0.475
122110210,0,0,0,0,0,0,0,0,0
12011200,0.0855001,0,0,0,0,0,0,0,0.000855001
212011201,0,0,0,1,0,0,0,0,0
10000210,0.863851,0,0.00809903,0.747663,0.945297,0.0402057,0,0,0.803323
10021210,0,0,1,0,0,0,0,0,0
110021212,0,0,1,0,0,0,0,0,0
2211211,1,0,0,0,0,0,0,0,0
21102001,0.474563,0,0,0,0.902975,0,0.474994,0.095,0
210100201,0,0,0.0949915,0,0.945725,0.475,0,0.470725,0
210101221,0,0,0,0,0,0,0,0,0
121001200,0,0,0,0,0.0902932,0,0,0,0.47975
211012021,0,0,0,0,0,0,0.5,0,0
10210000,0.0126688,0,0.0450877,0,0,0.00739887,0.0175195,0.130414,0.00421266
10211200,1,0,0.0949991,0,0,0,0,0.854145,0.7695
1100020,0.167264,0.176143,0,0,0.501063,0.129657,0.455036,0,0.103121
1000210,0.902547,0.455311,0,0.46378,0.455762,0.421927,0,0,0.455312
101000212,0,0.475,0,0.474999,0.431822,0.00431817,0,0,0
221000101,0,0,0,0,9.40509e-06,0,0,9.40586e-06,0
100000102,0,0.0041422,0.008645,0.49553,0.0887044,0.074654,0,0.0446415,0
21001012,0.00949118,0,0,0.475,0.95,0,0.474996,0,0
21121012,1,0,0,0,0,0,0,0,0
201000112,0,0,0,0,1,0,0,0,0
110201002,0,0,0.475,0,0.474999,0,0,0.0949055,0
100102210,0,0,0.95,0,0,0,0,0,0
102102211,0,0,0,0,1,0,0,0,0
101000122,0,8.63636e-05,0,0,0.000941442,0,0,0,0
112020100,0,0,0,0.907246,0,0.0941449,0,0.474996,0.0855865
1001200,0.738758,0.83293,0,0.084645,0.80339,0,0,0.146059,0.95
1001212,0.95,0,0,0.7695,0.7695,0,0,0,0
11021212,1,0,0,0,0,0,0,0,0
20001100,0.175793,0,0.456157,0.0442999,0.945717,0,0,0.102311,0.455352
120201100,0,0,0.47072,0,0.902975,0,0,0.0949991,0.474991
120211102,0,0,0.5,0,0,0,0,0,0
1012000,0.00440272,0.00443533,0,0.000834335,0,0,0.809416,0.00374932,4.88119e-05
221112001,0,0,0,0,0,0,0.5,0,0
11020102,1,0,0,0,0,0.07695,0,0.864396,0
11022112,1,0,0,0.9,0,0,0,0,0
110000212,0,0,0.0940509,0,0.0864406,0.0940586,0,0,0
102112000,0,0.7695,0,0,0,0,0.7695,0,1
122112010,0,0,0,0,0,0,0,0,1
211002010,0,0,0,0.7695,0.95,0,0.38475,0,0.0949041
211002211,0,0,0,1,0.45,0,0,0,0
20010010,0.949536,0,0.456234,0.162873,0,0.162488,0.454953,0,0.455681
22112011,1,0,0,0,0,0,0,0,0
1210000,0.95,0.00098006,0,0,0,0.000821046,0.00220416,0.00748176,0.00280922
1211200,1,0.0859617,0,0,0,0,0,0.854999,0.863976
112020010,0,0,0,0,0,0,1,0,0
1112212,0,0.5,0,0,0,0,0,0,0
1021000,0.095,0.0949545,0,0.0378102,0,0,0.00450851,0.093632,0.504679
21221110,0,0,0,0,0,0,0,0,0.5
1210012,8.55086e-06,0.047072,0,0,0,0,0.86441,0,0
101212012,0,0,0,0,0,0,0,0,0
100110202,0,0.7695,0.7695,0,0,0,0,1,0
121110202,0,0,0,0,0,0,0,1,0
200011012,0,8.55001e-06,0.864406,0,0,0,0.000949144,0,0
200211112,0,0,0,0,0,0,0,0,0
11201212,1,0,0,0,0,0,0,0,0
210102100,0,0,0,0,0.4617,0,0,0,0.95
20012011,0.000513518,0,0.000940587,0,0,0,4.27976e-08,0,0
120010012,0,0,0.475047,0.474995,0,0.5225,0.474991,0,0
121010212,0,0,0,0.5,0,0.5,0,0,0
101212,0.84645,0,0,0,0.95,0,0,0,0
12210001,0.0471191,0,0,0,0,0,0.09405,0.0474529,0
100100212,0,0.38475,0.95,0,0.854145,0.479693,0,0,0
100112212,0,0.45,1,0,0,0,0,0,0
101001022,0,0.84645,0,0.854991,0,0,1,0,0
210002011,0,0,0,0.0855864,0.038475,0,0.00513518,0,0
211022011,0,0,0,1,0,0,0.495,0,0
11200021,0.0863636,0,0,0,0.0094905,0.00863637,0.00949136,0,0
10001212,0.0854992,0,0.00949811,0,0.95,0,0,0,0
220110001,0,0,1,0,0,0.518216,0.855,0.863456,0
220112011,0,0,1,0,0,0,0.49995,0,0
210110020,0,0,0.474525,0,0,0.475,0.0907207,0,0.0086355
200012110,0,8.55856e-09,0.0855864,0,0,0,0,0,0.00940586
121000120,0,0,0,0.7695,1,0.854914,0,0,0
121201120,0,0,0,0,1,0,0,0,0
200100112,0,0.7695,0,0,1,0,0,0,0
220101112,0,0,1,0,0,0,0,0,0
1210021,0.940586,0,0,0,0,0,9.49915e-05,0,0
110102020,0,0,0,0,0,0,0.864406,0,0.0855
202100110,0,1,0,0,0.854999,0.0949915,0,0,0
11000200,0.945297,0,0,0.778899,0.848858,0.804047,0,0.854576,0.084188
11201200,1,0,0,0,0,0,0,0,0.7695
21100120,0.7695,0,0,0,1,0,0,0,0
221101120,0,0,0,0,1,0,0,0,0
11010202,0,0,0,0,0,0,0,1,0
202211011,0,1,0,0,0,0,0.9,0,0
120011200,0,0,0,0.432245,0,0,0,8.64414e-06,0.00902457
122011210,0,0,0,0,0,0,0,0,0
102001102,0,0.0475,0,0.475,0.470293,0,0,0.474995,0
102211102,0,0.5,0,0,0,0,0,0.5,0
110002102,0,0,1,0.095,0.084645,0,0,0.854145,0
212021011,0,0,0,0,0,0,1,0,0
12100,0.0934123,0.00764041,0.949219,8.86171e-06,0,0,0,0.00739192,0.0949999
2012101,0.0941441,0.000863645,0,0,0,0,0,0.00474573,0
102100210,0,0.09234,0,0,0,0,0,0,0.95
112100212,0,0,0,0,0,1,0,0,0
120100000,0,0,0.0008951,0,0.00949555,0.0931233,0.459385,0.0957216,0.0117558
20101102,0.0941355,0,0.00854914,0,0.864414,0,0,0.07695,0
20121112,1,0,0,0,0,0,0,0,0
202101001,0,0.9,0,0,0.95,0,0,0,0
211012,0,0.475,0.470297,0,0,0,0.0906814,0,0
100002112,0,0,1,0,0,0,0,0,0
121000102,0,0,0,0.00474953,0.474615,0,0,0.00941356,0
2102110,0.0854999,0,0,0,0,0,0,0,1
1202011,0.84645,0,0,0,0,0,0.95,0,0
211202011,0,0,0,0,1,0,0.9,0,0
21012010,0.047453,0,0,0,0,0,0.475,0,0.0470725
21212011,0,0,0,0,0,0,0,0,0
101021020,0,1,0,0.00941345,0,0,0,0,0.0864397
112021000,0,0,0,0.427072,0,0,1,0,0
200110210,0,0.090212,0.0086355,0,0,0.0474568,0,0,0
221110210,0,0,0,0,0,0.5,0,0,0
120112000,0,0,0.00863644,0,0,0,0.0043225,0,0.00436957
112010002,0,0,0,0.00855,0,0.9,0.0939645,0.95,0
210101002,0,0,0.854914,0,1,0,0.854145,0,0
10002211,0.0423225,0,0.0941447,0.7695,0.95,0,0,0,0
112002211,0,0,0,0,1,0,0,0,0
110201020,0,0,0.475,0,0.474567,0,0.0949136,0,0.0475005
100020001,0,0.500088,0.168763,0.497213,0,0.945347,0.127229,0.496781,0
120120001,0,0,0.0931095,0,0,0.84645,0.38475,1,0
122001211,0,0,0,0,1,0,0,0,0
1001122,0.00094905,0.0949145,0,0,0.95,0,0,0,0
1102000,0.455714,0.0528074,0,0,0.126675,0,0.45125,0.41872,0.450955
1102201,0.475,0.475,0,0,0.475,0,0,0.470297,0
102102010,0,0,0,0,0,0,0.84645,0,1
11102020,0.475,0,0,0,0.0475,0,0.09405,0,0.000949906
211102120,0,0,0,0,0.5,0,0,0,0
1120102,1,0.084645,0,0,0,0,0,0.863548,0
21121102,1,0,0,0,0,0,0,0.9,0
200121001,0,0.00947332,0.95,0,0,0,0.7695,0,0
202121101,0,1,0,0,0,0,0,0,0
112101220,0,0,0,0,1,0,0,0,0.9
201102100,0,0,0,0,0.517793,0,0,0.0431823,0.00864491
201122110,0,0,0,0,0,0,0,0,1
201000211,0,0.038475,0,1,0.427072,0.884925,0,0,0
201102211,0,0.5,0,0,0.5,0,0,0,0
200210011,0,0,0.85594,0,0,0,1,0,0
11002201,0.945297,0,0,0.0941365,0.047547,0,0,0.47499,0
112012120,0,0,0,0,0,0,0,0,1
1121200,0,0.854145,0,0,0,0,0,0.095,0.95
101121202,0,0,0,0,0,0,0,1,0
211000021,0,0,0,0.0949999,0.0470682,0.475,0.0902932,0,0
211102021,0,0,0,0,0.5,0,0.5,0,0
10001122,0.949914,0,0.00475,0.0474957,0.00855941,0,0,0,0
120021010,0,0,0.095,0.474957,0,0,0.522496,0,0.474572
120221110,0,0,0,0,0,0,0,0,0.5
100221100,0,0.95,0.475,0,0,0,0,0.475043,0.475
112221100,0,0,0,0,0,0,0,0.5,0.5
100201210,0,0.0432245,0.00940576,0,0.0864492,0,0,0,0.0474525
101221210,0,0,0,0,0,0,0,0,0
2000101,0.00945063,0.00940591,0,0.00442791,0.0418678,0.0413525,0,0.894344,0
2100121,0.945254,0.0949144,0,0,0.427072,0.0432245,0,0,0
20021110,0.094145,0,0.00864405,0.43178,0,0,0,0,0.907207
220101001,0,0,1,0,0.855,0,0.000769501,0,0
11212021,0,0,0,0,0,0,0,0,0
10022011,0,0,0.84645,1,0,0,0.864225,0,0
112210,0.474957,0.475,8.55001e-05,0,0,0,0,0,0.090725
10120102,1,0,0.0949983,0,0,0.7695,0,0,0
1210201,1,0,0,0,0,0.7695,0,0,0
100201012,0,0.475,0.475,0,0.475,0,0.470255,0,0
101221012,0,0.5,0,0,0,0,0,0,0
11022211,0.495,0,0,1,0,0,0,0,0
20201011,0,0,0.0940586,0,0,0,0.0854915,0,0
101001220,0,0,0,0,0,0,0,0,1
11012020,0.000427547,0,0,0,0,0,8.98652e-06,0,8.55001e-05
10220011,0.0854145,0,0.7695,0,0,0,0.95,0,0
11220211,0.9,0,0,0,0,1,0,0,0
101002120,0,0.0855087,0,0.855855,0.0855855,0,0,0,0
210100210,0,0,0,0,0.95,0,0,0,0.854991
22100011,0,0,0,0,0.7695,0,0.95,0,0
22101211,0,0,0,0,1,0,0,0,0
220011100,0,0,1,0.855,0,0,0,0.07695,0.84645
122100001,0,0,0,0,0.0094145,0,0.000949992,8.55e-05,0
100200112,0,0.423225,0,0,0,0.95,0,0,0
120210112,0,0,0.5,0,0,0,0,0,0
121220110,0,0,0,0,0,1,0,0,0.495
211001020,0,0,0,0,0.0949126,0,0.07695,0,0.95
211011220,0,0,0,1,0,0,0,0,0.9
101002012,0,0.0475,0,0.0941364,0.00864405,0,0.0474957,0,0
102210100,0,0.474995,0,0,0,0.0949999,0,0.470682,0.949953
100220101,0,0,0,0,0,1,0,0.854914,0
201201100,0,0,0,0,0.095,0,0,0,0.0863644
1120,0.166333,0.0175328,0.451656,0.447992,0.949995,0,0,0,0.451689
210211120,0,0,0.5,0,0,0,0,0,0
20001010,0.175796,0,0.170559,0.170625,0.126772,0,0.858594,0,0.451328
21001210,0.0863636,0,0,0.047889,0.0475,0,0,0,0.475
221011210,0,0,0,1,0,0,0,0,0
21110200,0.0474995,0,0,0,0,0.475,0,0.00855009,0.0470772
21112201,0.5,0,0,0,0,0,0,0,0
121120000,0,0,0,0,0,0,0,1,0
201120100,0,0.855,0,0,0,0.854999,0,0.95,0.9
21122110,0,0,0,0,0,0,0,0,0
201100,0.0902305,0.0972284,0.45125,0,0.163425,0,0,0.0535399,0.890305
201121,0.427975,0,0.475,0,0.0941355,0,0,0,0
110010202,0,0,0,0,0,0,0,1,0
100201120,0,0,0.474525,0,0.906822,0,0,0,0
100221121,0,1,0,0,0,0,0,0,0
11012002,0,0,0,0,0,0,0.86355,8.63551e-10,0
21010021,0,0,0,0,0,0,0,0,0
221110021,0,0,0,0,0,0,0,0,0
100102021,0,0.000864492,0,0,0.000949144,0,0,0,0
112102021,0,0,0,0,0,0,0,0,0
10211122,0,0,0.5,0,0,0,0,0,0
200120101,0,0.0864492,0.0859797,0,0,0.474948,0,0.949572,0
102100201,0,0,0,0,1,0.07695,0,0,0
100220011,0,0,0,0,0,0.9,0.95,0,0
201011020,0,0,0,9.49137e-06,0,0,0.0941442,0,0.0855094
2021101,0.0949573,0.0855087,0,0.047025,0,0,0,0.949573,0
101200210,0,0.00470721,0,0,8.64405e-06,0.00949136,0,0,0.0431779
10122010,0.38475,0,0.854145,0,0,0,0,0,0.95
122120011,0,0,0,0,0,0,1,0,0
20011201,0.0863644,0,0.0863559,0.0855,0,0,0,0,0
10012021,0.475,0,0.475,0,0,0,0.43225,0,0
11012221,0.5,0,0,0,0,0,0,0,0
101220100,0,0.884925,0,0,0,1,0,0.854914,0
100221001,0,0.000863645,0.949996,0,0,0,0.008645,0.427509,0
120221101,0,0,0,0,0,0,0,1,0
211122100,0,0,0,0,0,0,0,0.45,1
112000120,0,0,0,0.475,4.3225e-05,0.000864406,0,0,0.427937
11020201,0.090639,0,0,0.00941442,0,0.0898268,0,0,0
20011102,0.086355,0,0.855044,0.0470298,0,0,0,0,0
12201121,0.5,0,0,0,0.5,0,0,0,0
20011021,0.009405,0,0.00855,0,0,0,0,0,0
120101020,0,0,0,0,1,0,0,0,0
200101201,0,0.0941441,0.0949137,0,0.0949144,0,0,0,0
210001000,0,0,0.528441,0.492656,0.536941,0,0.949568,0.765581,0.175484
212001010,0,0,0,0.00085595,0.95,0,0,0,0
212021110,0,0,0,0,0,0,0,0,1
201201112,0,0,0,0,1,0,0,0,0
22011010,1,0,0,0.512487,0,0,0,0,0.00898255
22011112,1,0,0,0,0,0,0,0,0
211021120,0,0,0,0,0,0,0,0,1
102020110,0,0,0,0.00522073,0,0.00863551,0,0,0.00940979
102021112,0,0,0,0.5,0,0,0,0,0
101010202,0,0.5225,0,0.0038475,0,0.423225,0,1,0
101211202,0,0.5,0,0,0,0,0,1,0
10201021,0.0855897,0,0.475,0,0.431775,0,9.4906e-05,0,0
112201021,0,0,0,0,0.5,0,0,0,0
211021000,0,0,0,0.095,0,0,0.0949991,0.0941355,1
121200001,0,0,0,0,0.941355,0.0095,0,0.00855001,0
10202101,0.0086355,0,0.855,0,1,0,0,0.00949906,0
110202121,0,0,0,0,1,0,0,0,0
122110000,0,0,0,0,0,9.49051e-05,0,0,8.55e-05
100001122,0,0.000855001,0.0474995,0.0474957,0.0855,0,0,0,0
101201122,0,0,0,0,0,0,0,0,0
101100022,0,0.854991,0,0,0.0854992,0.84645,1,0,0
102010210,0,0,0,0,0,0.00863551,0,0,0.0855855
21100201,0.474995,0,0,0,0.471153,0.475,0,0.0094905,0
21120211,0,0,0,0,0,0.5,0,0,0
201001012,0,0,0,0.7695,0.9,0,0.95,0,0
201211012,0,0,0,0,0,0,1,0,0
112010200,0,0,0,0,0,8.55096e-10,0,0.000941364,0.949999
112011220,0,0,0,0,0,0,0,0,1
122101000,0,0,0,0,0.949991,0,0.094999,0,0
11021020,0.095,0,0,0,0,0,0,0,0.095
102201121,0,0,0,0,0.5,0,0,0,0
20021101,0.000949042,0,0,0,0,0,0,1,0
21110002,0,0,0,0,0,0.470682,0.00855907,0.00940586,0
110120212,0,0,1,0,0,0,0,0,0
211210021,0,0,0,0,0,0,1,0,0
100001212,0,0.474991,0.0855087,0.427971,0.95,0,0,0,0
100201201,0,0,0.949145,0,0.095,0,0,0,0
100221211,0,0,1,0,0,0,0,0,0
100120021,0,1,0,0,0,0.084645,0.7695,0,0
100121221,0,1,0,0,0,0,0,0,0
12011020,0.047453,0,0,0.475,0,0,9.4145e-07,0,0.00906301
1002211,0.7695,0.469395,0,0.95,0,0,0,0,0
200011201,0,0.854914,0,1,0,0,0,0,0
121201102,0,0,0,0,0.5,0,0,0,0
10100212,0.7695,0,0.084645,0,0.95,0,0,0,0
110112022,0,0,1,0,0,0,0,0,0
120002110,0,0,0.0855,0.0855,8.63551e-09,0,0,0,8.6355e-06
11102221,0.5,0,0,0,0,0,0,0,0
200100100,0,0.895418,0.949995,0,0.83293,0.853274,0,0.778922,0.673709
211000201,0,0,0,1,0.500175,0,0,0,0
21010012,0,0,0,0.474953,0,0.474572,0.475,0,0
212000101,0,0,0,0.000474572,0.474957,0.432207,0,0.475,0
212210101,0,0,0,0,0,0,0,0.5,0
121022110,0,0,0,1,0,0,0,0,0
102112210,0,0,0,0,0,0,0,0,1
100210120,0,0,0.00427932,0,0,0,0,0,0.470682
100211122,0,0,0.5,0,0,0,0,0,0
112002010,0,0,0,0.84645,0.95,0,0.7695,0,0.9
112022011,0,0,0,0.9,0,0,1,0,0
11002,0.0154482,0.407381,0.0488093,0.898796,0,0,0.0864455,0.448804,0
200011102,0,0.000855009,9.4051e-07,0,0,0,0,0,0
121002010,0,0,0,0.0941364,0.902543,0,0.474909,0,0.00474525
121122010,0,0,0,0,0,0,0.5,0,0
102001120,0,8.55001e-10,0,0.475,0.432211,0,0,0,0.470725
112201120,0,0,0,0,0.5,0,0,0,0.5
210110122,0,0,0,0,0,0,0,0,0
2201011,0.0948109,0.084645,0,0,0.007695,0,0.95,0,0
101010022,0,0,0,0.7695,0,0.7695,1,0,0
20100001,0.451745,0,0.103049,0,0.95,0.130048,0.459381,0.0957302,0
220100011,0,0,1,0,0.7695,0.504407,0.84645,0,0
220121011,0,0,1,0,0,0,0,0,0
2211001,0.95,0,0,0,0,0,0.09405,0.427457,0
10120201,0.500175,0,1,0,0,0.4275,0,0.0941345,0
11120122,1,0,0,0,0,0,0,0,0
100200121,0,0,0,0,0.95,0.0949048,0,0,0
120201121,0,0,0,0,1,0,0,0,0
112002121,0,0,0,0,0,0,0,0,0
121200010,0,0,0,0,0.945682,0.0863645,0.427974,0,0.474995
21012001,0.475,0,0,0,0,0,0.0427975,0,0
210200110,0,0,0,0,0.0941449,0.00940498,0,0,0.864414
12101200,0,0,0,0,1,0,0,0.094981,0.864405
12101221,0,0,0,0,1,0,0,0,0
11210221,1,0,0,0,0,0,0,0,0
1010221,0.479313,0,0,0.00864491,0,0.000432207,0,0,0
201121000,0,0.854145,0,0,0,0,0,0.854145,1
211121020,0,0,0,0,0,0,0,0,1
200110102,0,0.00940595,0.0095,0,0,0.0949915,0,0,0
202110112,0,0,0,0,0,1,0,0,0
21112012,0,0,0,0,0,0,0.5,0,0
21101200,0,0,0,0,0.0898614,0,0,8.55008e-05,0
22011100,1,0,0,0,0,0,0,0.854145,0.470249
122011102,0,0,0,0.5,0,0,0,0,0
10021120,0.517797,0,0.475,0.427931,0,0,0,0,0.0086356
210121120,0,0,0.45,0,0,0,0,0,1
200012011,0,0.513095,0.00863645,0.00855,0,0,0.000479232,0,0
210112,0,0.0474573,0.00898653,0,0,8.63636e-05,0,0,0
220011001,0,0,1,0.0948871,0,0,0.0854999,0.007695,0
102211,0.475,0.474994,0.000950001,0,0.475471,0,0,0,0
120102211,0,0,0,0,0.5,0,0,0,0
210021001,0,0,0.479746,0,0,0,0.0941442,0.474995,0
211112002,0,0,0,0,0,0,0,0,0
121001212,0,0,0,0.5,0.5,0,0,0,0
10012201,0.475039,0,0,0.00855086,0,0,0,0.0470682,0
12112201,0,0,0,0,0,0,0,0,0
10022101,0,0,0,1,0,0,0,0,0
220101010,0,0,1,0,0.855,0,0.0855931,0,0
11002000,0.127532,0,0,0.0166827,0.00894382,0,0.0446833,0.00926823,0.000748166
122101021,0,0,0,0,1,0,0,0,0
11121202,0.9,0,0,0,0,0,0,1,0
110020012,0,0,0.95,0.522499,0,0.094905,0.0855,0,0
121010020,0,0,0,0,0,0,0.000949146,0,0.0949137
102121000,0,0.854914,0,0,0,0,1,0.854914,0.7695
110122,0,0,0.00855865,0,0,8.63639e-11,0,0,0
22110010,0.9,0,0,0,0,0.95,0,0,0.854145
100022110,0,0.854999,0.855009,1,0,0,0,0,0.0949127
1012210,0.0864457,0.475,0,9.405e-05,0,0,0,0,0.470721
121002121,0,0,0,0,1,0,0,0,0
2112121,0.5,0,0,0,0,0,0,0,0
10112200,0.0432203,0,0.0863559,0,0,0,0,0.475432,0.086355
21101002,0.00854145,0,0,0,0.95,0,0.423225,0.0949059,0
2101012,0.84645,0.7695,0,0,0.95,0,0.0855,0,0
12120001,0.38475,0,0,0,0,0,1,0,0
212121001,0,0,0,0,0,0,1,0.4995,0
110100022,0,0,0.09405,0,0,0,1,0,0
100210000,0,0.00487756,0.00450811,0,0,8.12178e-05,0.00438684,0.00495448,0.731964
100210012,0,0.475,0.0085595,0,0,0.094905,0.431822,0,0
211102201,0,0,0,0,0.5,0,0,0.5,0
1220110,0,0,0,0,0,0,0,0,0.95
11220112,0,0,0,0,0,1,0,0,0
10012120,0.0474948,0,0.95,0,0,0,0,0,0.0940586
220001011,0,0,1,0,0,0,0,0,0
21101212,0,0,0,0,0.5,0,0,0,0
121010002,0,0,0,0.4275,0,0.00431818,0.90725,0.094145,0
121012012,0,0,0,0,0,0,0.5,0,0
21000100,0.00893645,0,0,0.418272,0.949525,0.00163166,0,0.0949145,0.121526
221021110,0,0,0,0,0,0,0,0,1
12000121,0.475,0,0,0.475,0.475,0.470682,0,0,0
12210121,0.5,0,0,0,0,0,0,0,0
11200210,1,0,0,0,0.854999,0,0,0,0.000846451
102021100,0,0.0863644,0,0.475,0,0,0,0.00094145,4.32245e-05
121011202,0,0,0,0,0,0,0,1,0
1011220,0.0854145,0,0,0,0,0,0,0,1
220121101,0,0,1,0,0,0,0,0,0
200112112,0,0,1,0,0,0,0,0,0
1112200,0.474999,0.475,0,0,0,0,0,0.475043,0.479275
121112200,0,0,0,0,0,0,0,0,0.5
21201100,0,0,0,0,0.470772,0,0,0.0855085,0.0470725
112201,0.475,0.0431823,0,0,0,0,0,0.0431823,0
12201001,0.897706,0,0,0,0,0,0.95,0.423225,0
121010200,0,0,0,0.042797,0,0.474525,0,0.0949145,0.95
212100211,0,0,0,0,1,0,0,0,0
210101020,0,0,0,0,0.949568,0,0.0854999,0,0.0863644
212101021,0,0,0,0,0.5,0,0,0,0
201021100,0,0.854914,0,0,0,0,0,0,1
2101210,0,0.854991,0,0,1,0,0,0,0.854145
100011220,0,0,0,0,0,0,0,0,1
211112020,0,0,0,0,0,0,0.5,0,0
11120200,0.479703,0,0,0,0,0.0470725,0,0.0855941,0.00949913
11122210,0.5,0,0,0,0,0,0,0,0
110020021,0,0,0.949953,0.0432673,0,0.0941441,0.0855086,0,0
110021221,0,0,1,0,0,0,0,0,0
1200121,0,9.405e-05,0,0,0.00941365,0.855941,0,0,0
121200121,0,0,0,0,1,0,0,0,0
2121001,0.854914,0.7695,0,0,0,0,1,0.854914,0
122121001,0,0,0,0,0,0,1,0,0
11220121,0,0,0,0,0,1,0,0,0
21011212,0,0,0,0.5,0,0,0,0,0
121102210,0,0,0,0,0.5,0,0,0,0.5
10002121,0.475,0,0.0474571,0.0949051,0.949957,0,0,0,0
11022121,0.49995,0,0,1,0,0,0,0,0
100002100,0,0.0827017,0.0094133,0.95,0.00940595,0,0,0.0894295,0.0826763
11201020,0.000855941,0,0,0,0,0,0.00855,0,0
11112202,0,0,0,0,0,0,0,1,0
211010200,0,0,0,1,0,0,0,0.84645,0
10201120,0.475,0,0.475,0,0.432207,0,0,0,0.43225
112001200,0,0,0,0,0.9,0,0,0.95,0.855761
112101202,0,0,0,0,1,0,0,0,0
201120001,0,0.0855941,0,0,0,0.475,0.475,0.00521555,0
210010,0.00942211,0.853794,0.045568,0,0,0.000731919,0.0095,0,0.0450924
100212112,0,0,1,0,0,0,0,0,0
110000122,0,0,0.0949915,0.0475,0,0.0085501,0,0,0
110021122,0,0,0,0,0,0,0,0,0
21020101,0,0,0,0,0,0.09234,0,1,0
1221010,0.000949145,0.474529,0,0,0,0,0.0855,0,0.94953
11200012,0.008645,0,0,0,0.0949145,0.0863627,0,0,0
11012200,0.898225,0,0,8.55001e-11,0,0,0,0.000902924,9.4051e-08
11112220,0,0,0,0,0,0,0,0,1
211000012,0,0,0,0,1,0,0.7695,0,0
11221,0.855085,0,0,8.55949e-06,0,0,0,0,0
12011002,0,0,0,0.0474957,0,0,0.000940586,0.0859327,0
210122101,0,0,0,0,0,0,0,0.5,0
1002112,0.07695,0,0,0.7695,0.95,0,0,0,0
201102112,0,0,0,0,1,0,0,0,0
202100101,0,1,0,0,0,0.84645,0,0,0
120002101,0,0,0,8.6355e-06,0.0086355,0,0,0.0941355,0
211002112,0,0,0,0,1,0,0,0,0
101201002,0,0.475,0,0,0.427928,0,0.000902026,0.00863559,0
12100000,0.0982986,0,0,0,0.906834,0.456237,0.0980579,0.455683,0.0988475
20100211,0,0,0.95,0,0.84645,0.4617,0,0,0
21102211,0.5,0,0,0,0.5,0,0,0,0
112202101,0,0,0,0,1,0,0,0,0
211102000,0,0,0,0,0.479707,0,0.47405,0.474524,0.0941442
1200112,0,0.046978,0,0,0.95,0.7695,0,0,0
11002021,0.475,0,0,0.009405,0.0902932,0,0.0474953,0,0
211002121,0,0,0,0,0.5,0,0,0,0
10121002,1,0,0.7695,0,0,0,0,0,0
12121012,1,0,0,0,0,0,0.9,0,0
20110102,0.00086355,0,0.00949991,0,0,0.00855094,0,0,0
202100011,0,1,0,0,0,0.7695,0,0,0
120110020,0,0,0,0,0,0,0.000855096,0,0.009405
121211020,0,0,0,0,0,0,0,0,0
110220010,0,0,0.95,0,0,0.9,0.7695,0,0
100001200,0,0.12683,0.167621,0.129208,0.176183,0,0,0.176217,0.902539
102011200,0,0,0,0,0,0,0,0.855001,0.086355
120211000,0,0,0.432246,0,0,0,0.470297,0,0.475
11122120,0.5,0,0,0,0,0,0,0,0
20100010,0.176224,0,0.17056,0,0.164009,0.407063,0.451291,0,0.902082
20120011,8.55941e-05,0,0.000949992,0,0,0.0432202,0.907246,0,0
1020112,1,0.0854145,0,0.84645,0,0.84645,0,0,0
211001002,0,0,0,0,1,0,0.7695,0.84645,0
120101200,0,0,0.0946485,0,0.95,0,0,0.0864499,0
122101210,0,0,0,0,1,0,0,0,0
101210212,0,0.5,0,0,0,0,0,0,0
12112120,0.45,0,0,0,0,0,0,0,1
201101002,0,0,0,0,1,0,0,0.864481,0
220110121,0,0,1,0,0,0,0,0,0
2011210,0,0.000855077,0,0.00855942,0,0,0,0,0
201001102,0,0.862694,0,0,1,0,0,0.094145,0
221010010,0,0,0,0.000855941,0,0.474995,0.949573,0,0
221012011,0,0,0,0,0,0,0.5,0,0
20121010,0.95,0,0,0,0,0,0.854991,0,0.7695
120121012,0,0,0,0,0,0,0.5,0,0
21201010,9.41442e-07,0,0,0,0.0474996,0,0.0863983,0,0.475
110022010,0,0,0.95,0.9,0,0,0,0,0
102221110,0,0,0,0,0,0,0,0,0.5
22101100,1,0,0,0,0.7695,0,0,0.07695,0.0855
10110220,0,0,0,0,0,0,0,0,1
12001210,0.0940415,0,0,0.7695,1,0,0,0,0.00855
112001212,0,0,0,0,1,0,0,0,0
11022010,0.95,0,0,0.9,0,0,0,0,0
211022110,0,0,0,1,0,0,0,0,0.9
11210200,1,0,0,0,0,0,0,0,0
20211211,1,0,0,0,0,0,0,0,0
10100221,0.0475,0,0.0949137,0,0.00949906,0.0431775,0,0,0
210201010,0,0,0,0,0.95,0,0,0,0.0949795
2120011,0,0.855,0,0,0,0.854999,1,0,0
10110202,0,0,0,0,0,0,0,1,0
221001100,0,0,0,0,0.094145,0,0,0,0.85595
221101102,0,0,0,0,1,0,0,0,0
210210100,0,0,0.00474996,0,0,0,0,0.0470721,0
202110211,0,1,0,0,0,0,0,0,0
112102,0.855,0,1,0,0,0,0,0,0
21011002,0,0,0,0.00475,0,0,0.475466,0.000863637,0
20101210,0.0855,0,0.0094905,0,0.90725,0,0,0,0
120121210,0,0,1,0,0,0,0,0,0
110120200,0,0,1,0,0,0,0,0,0
212001001,0,0,0,0.47025,0.522358,0,0.95,0.427072,0
212201101,0,0,0,0,0,0,0,0.5,0
101102200,0,0.475,0,0,0.0474572,0,0,0.0864414,0.427979
101112220,0,0,0,0,0,0,0,0,1
101001202,0,0.423225,0,0.38475,0,0,0,1,0
210120121,0,0,0.5,0,0,0.5,0,0,0
112110022,0,0,0,0,0,1,0.9,0,0
100211200,0,0.432207,0,0,0,0,0,0.094051,0.5225
12011221,0,0,0,0,0,0,0,0,0
11020012,1,0,0,0.855,0,0,0.854991,0,0
11010022,0.0949032,0,0,0,0,0,1,0,0
102000121,0,0.00949051,0,0.432246,0.00945631,0,0,0,0
211200001,0,0,0,0,0.095,0.95,0,0,0
2210011,0.941449,0.00941442,0,0,0,0,0.0940501,0,0
20102011,0.470683,0,8.55e-06,0,0.0474996,0,0.475,0,0
110212,0,0.0475,9.4906e-05,0,0,0.0432207,0,0,0
201012001,0,0.00474999,0,0.000949907,0,0,0.949529,0.427932,0
1022011,0,0,0,1,0,0,0.520182,0,0
101022112,0,0,0,1,0,0,0,0,0
102001021,0,0,0,0.474093,0.95,0,0.864318,0,0
1122100,0.949573,0.0940586,0,0,0,0,0,0.432681,0.094051
200112100,0,0.854991,0.95,0,0,0,0,0.47025,0.08645
212112100,0,0,0,0,0,0,0,0.5,1
110020102,0,0,0.941402,0.0859746,0,0.000855009,0,0,0
12002011,0,0,0,0.000864499,0.0949136,0,0.0949905,0,0
10102120,0,0,0.086013,0,0.474568,0,0,0,0.009405
210112120,0,0,0.5,0,0,0,0,0,0
101102212,0,0.5,0,0,0,0,0,0,0
10221001,0,0,0.518182,0,0,0,0.0949992,0.475,0
121012000,0,0,0,0,0,0,0.043225,0,0.470725
120011020,0,0,0,0,0,0,0.000855094,0,0.0949991
110210002,0,0,0.00475428,0,0,0.000949051,0.000855865,0.855518,0
22121110,1,0,0,0,0,0,0,0,0
101220112,0,0,0,0,0,1,0,0,0
11211202,1,0,0,0,0,0,0,0.9,0
211120210,0,0,0,0,0,0.45,0,0,1
100210102,0,0.474996,0.522457,0,0,0.0941449,0,0.474525,0
212101000,0,0,0,0,0.95,0,0,0,0.854145
212121100,0,0,0,0,0,0,0,0.45,1
120102001,0,0,0,0,0.0522491,0,0.0470297,8.63464e-05,0
121102201,0,0,0,0,0.5,0,0,0,0
212110000,0,0,0,0,0,0.0860173,0,0.474952,9.41365e-08
221000110,0,0,0,0,0.00949145,0,0,0,0.0949992
112201201,0,0,0,0,1,0,0,0,0
1201120,0,8.4645e-08,0,0,0.009405,0,0,0,0
211200121,0,0,0,0,0,0,0,0,0
200112211,0,0.5,0,0,0,0,0,0,0
110021002,0,0,0.47975,0.431822,0,0,0.0864499,0.0941355,0
2102011,0.085594,0.00855,0,0,0.0855094,0,0.949914,0,0
12102010,0.855,0,0,0,0.855,0,0.84645,0,1
100221010,0,0.0432246,0.475471,0,0,0,0.0941449,0,0.475
2120101,0.470251,0.00863636,0,0,0,0,0,0.0513903,0
110201200,0,0,0.0864414,0,0.95,0,0,0,0.00949144
122000110,0,0,0,0.0474996,0,0.0863551,0,0,0.00474958
10201210,0,0,0.854999,0,0.95,0,0,0,0
10221211,0,0,1,0,0,0,0,0,0
201122101,0,0,0,0,0,0,0,0.5,0
101022100,0,0,0,1,0,0,0,0,0
100201102,0,0.475,0.475,0,0.475,0,0,0.474572,0
21120010,0.00949145,0,0,0,0,0.470677,0.475,0,0.522457
221120110,0,0,0,0,0,0,0,0,1
100000012,0,0.45125,0.90725,0.455352,0.452103,0.168907,0.169455,0,0
100102012,0,0.423225,1,0,0.00948195,0,0,0,0
100102201,0,0.474435,0.095,0,0.90297,0,0,0,0
110122201,0,0,1,0,0,0,0,0,0
110210200,0,0,0,0,0,0,0,0.855949,8.64415e-06
112211200,0,0,0,0,0,0,0,0,0
221100001,0,0,0,0,0.0863636,0.0432246,0.043225,0.00855864,0
122010100,0,0,0,0.00475,0,0.00864414,0,0,0.0522409
100012102,0,0.84645,1,0,0,0,0,0.084645,0
20211001,0.864414,0,0.00863645,0,0,0,8.55086e-06,0,0
12100012,0.084645,0,0,0,0.95,0.9,0.854145,0,0
200011120,0,0.00855086,0.478886,0.0475,0,0,0,0,0
21102010,0.0470297,0,0,0,0.427547,0,0.475,0,0.043225
120211120,0,0,0,0,0,0,0,0,0
102102001,0,0,0,0,0.00949992,0,0.0864415,0,0
220010011,0,0,1,0.7695,0,0.0423225,0.7695,0,0
112200100,0,0,0,0,0.423225,0.95,0,0,0
112202110,0,0,0,0,1,0,0,0,0.9
221101012,0,0,0,0,1,0,0,0,0
121210210,0,0,0,0,0,0,0,0,0.5
210000211,0,0,0.08645,1,0.855,0.89775,0,0,0
21000121,0,0,0,0,1,0.854145,0,0,0
201100102,0,0.854991,0,0,1,0.7695,0,0,0
211102102,0,0,0,0,1,0,0,0,0
21200101,0,0,0,0,0.000940509,0.000855001,0,9.41356e-05,0
20121100,0.95,0,0.0863642,0,0,0,0,0,0.854145
22121101,1,0,0,0,0,0,0,0,0
201100021,0,8.55001e-05,0,0,0.00906386,0.475,0.474525,0,0
201110221,0,0,0,0,0,0.5,0,0,0
101012002,0,0.470293,0,0,0,0,0.000898653,8.5501e-06,0
211000102,0,0,0,0.854145,1,0,0,0,0
1220101,0.7695,0,0,0,0,1,0,0.00864498,0
212011000,0,0,0,0.0432681,0,0,0.0949059,0.00474568,0
210102112,0,0,0.9,0,1,0,0,0,0
200110120,0,8.55857e-05,9.49052e-05,0,0,0.470255,0,0,0
100012210,0,0.427932,0.0864405,0,0,0,0,0,0.0094991
101212210,0,0,0,0,0,0,0,0,0
112102201,0,0,0,0,1,0,0,0,0
1122211,0.5,0.5,0,0,0,0,0,0,0
21101020,0.854991,0,0,0,1,0,0.854991,0,0.0949734
1020121,0,1,0,0.7695,0,0.854145,0,0,0
212100100,0,0,0,0,0.473242,0.846873,0,0,0.95
20001211,0.84645,0,0.95,0,0.0949981,0,0,0,0
102002101,0,0,0,9.40596e-10,0.0094051,0,0,0,0
100012012,0,0.522404,1,9.49982e-06,0,0,0.522499,0,0
121100002,0,0,0,0,0.0522405,0.4275,0.907246,0.0949051,0
210201100,0,0,0.0432246,0,0.095,0,0,0.0427928,0.094906
110220211,0,0,0.9,0,0,1,0,0,0
100102000,0,0.0444228,0.176211,0,0.0525203,0,0.902098,0.154396,0.0904623
100112002,0,0.427072,1,0,0,0,0,0.84645,0
200010211,0,0.95,0,0,0,0,0,0,0
121021,0.854914,1,0,0,0,0,0.86355,0,0
121221010,0,0,0,0,0,0,0,0,0.5
120012010,0,0,0.0855087,0,0,0,0.432246,0,0.90725
210211,1,0,0.7695,0,0,0,0,0,0
100200211,0,0,0,0,0.95,0,0,0,0
221001010,0,0,0,0.0007695,0.0949992,0,9.40587e-06,0,0.949059
200001112,0,0.854145,0.855,0,1,0,0,0,0
210221011,0,0,0,0,0,0,1,0,0
200012101,0,0.000855094,0.898691,0,0,0,0,0.000475,0
202010110,0,1,0,0.07695,0,0.855,0,0,0.00948965
20121211,0,0,1,0,0,0,0,0,0
121101220,0,0,0,0,0.9,0,0,0,1
12002110,0.864491,0,0,0,0.0854915,0,0,0,1
100120201,0,0.7695,1,0,0,0.423225,0,0,0
10011220,0.855,0,0.854999,0,0,0,0,0,1
201201010,0,0,0,0,0,0,1,0,0.854145
12112021,0.5,0,0,0,0,0,0,0,0
20210110,8.55001e-07,0,0.0432293,0,0,0,0,0,0.475
12012001,0.00470721,0,0,0,0,0,0,0.431822,0
120000121,0,0,0,0.770432,1,0.00854992,0,0,0
102002011,0,0,0,0.00855855,9.4145e-05,0,0.0941441,0,0
20112010,0.470165,0,0.95,0,0,0,0.470592,0,0
21112210,0.5,0,0,0,0,0,0,0,0.5
112200112,0,0,0,0,0.45,1,0,0,0
112011022,0,0,0,0.5,0,0,1,0,0
102110020,0,0,0,0,0,9.41366e-08,9.40501e-06,0,0.000855855
112112020,0,0,0,0,0,0,0,0,1
202011010,0,1,0,0,0,0,0,0,0.855
10101022,0,0,0,0,0,0,1,0,0
10121122,1,0,0,0,0,0,0,0,0
10021012,1,0,0.854145,0.855,0,0,0.84645,0,0
120000112,0,0,0.0945673,0.475,0.470725,0.0864405,0,0,0
212201011,0,0,0,0,0,0,1,0,0
10210021,0.907202,0,0.4275,0,0,0,0.0949144,0,0
210101200,0,0,0,0,0.95,0,0,0.0948871,0.855
211101220,0,0,0,0,0,0,0,0,0.999999
212102011,0,0,0,0,0,0,0,0,0
1122001,0.475,0.475043,0,0,0,0,0.475,0.949953,0
21011200,0.0863559,0,0,0.0047034,0,0,0,9.49908e-09,0.00428356
101002201,0,0.00475,0,0.00855855,0.00479237,0,0,0,0
12121,0.474572,0,0.0431779,0,0,0,0,0,0
10021201,0.7695,0,1,0.00948964,0,0,0,0.00940329,0
102101200,0,0,0,0,1,0,0,0,0
12110020,0.470677,0,0,0,0,0.945255,0,0,9.49992e-05
11210020,0.000941364,0,0,0,0,0,0.0949906,0,0.000863552
211201000,0,0,0,0,0.84645,0,1,0,0.7695
211201120,0,0,0,0,0,0,0,0,0
122001112,0,0,0,0.5,0,0,0,0,0
1212010,0.864413,0,0,0,0,0,8.55858e-13,0,0
101220001,0,0,0,0,0,1,0.7695,0,0
110012002,0,0,1,0.07695,0,0,0,0,0
210010102,0,0,0,0,0,0.0009405,0,0,0
1010212,0.00855941,0.475,0,0.0518178,0,0.47072,0,0,0
1211212,1,0.49995,0,0,0,0,0,0,0
1012012,0,0.0474953,0,0,0,0,0.043225,0,0
211021,0.522491,0,0.000474957,0,0,0,0.000855086,0,0
10101220,0,0,0,0,0.95,0,0,0,0
22101112,1,0,0,0,0,0,0,0,0
1120012,1,0.854914,0,0,0,0,0.521973,0,0
101120212,0,0.5,0,0,0,0,0,0,0
10202011,0,0,0,0,1,0,0.84645,0,0
100211002,0,0.475,0.474995,0,0,0,0.475475,0.95,0
100211212,0,0.5,0,0,0,0,0,0,0
110212102,0,0,1,0,0,0,0,0,0
102122011,0,0,0,0,0,0,1,0,0
201101200,0,0,0,0,0.009405,0,0,0.000854914,0.855095
201020110,0,0.0855,0,0.7695,0,0.855,0,0,1
220101211,0,0,1,0,0,0,0,0,0
100002121,0,0.000940595,0,0.000949059,0.941356,0,0,0,0
101202121,0,0,0,0,1,0,0,0,0
112211020,0,0,0,0,0,0,0,0,0.5
1012201,0.94953,0.475,0,0.00949905,0,0,0,0.00474957,0
11120020,0.479707,0,0,0,0,0.470721,0,0,0.0941364
112010020,0,0,0,0.38475,0,0,0.854145,0,0.95
221110,0,0.0474995,0.470292,0,0,0,0,0,0.945724
20012110,0.000863551,0,8.64415e-05,0,0,0,0,0,8.64397e-05
201100210,0,0.474996,0,0,0.479322,0.475,0,0,0.095
201101212,0,0,0,0,1,0,0,0,0
112001020,0,0,0,0.427072,0.509024,0,0.95,0,0.7695
112021120,0,0,0,0.5,0,0,0,0,0
101220211,0,0,0,0,0,1,0,0,0
22100101,1,0,0,0,0.854991,0.07695,0,0.00949905,0
112112200,0,0,0,0,0,0,0,0,1
112021,0.475,0,0.0474996,0,0,0,0.475,0,0
200112121,0,0,0.5,0,0,0,0,0,0
11201122,0,0,0,0,0,0,0,0,0
120120211,0,0,1,0,0,0.495,0,0,0
201012010,0,0.47072,0,0.00855941,0,0,0.00855514,0,0
112210120,0,0,0,0,0,0,0,0,0.5
22110100,1,0,0,0,0,0,0,0.0854145,0.855
12110002,0,0,0,0,0,1,0,0.854991,0
110121220,0,0,0,0,0,0,0,0,1
120201001,0,0,0,0,9.49042e-05,0,0,0.0855,0
21020011,0,0,0,0.000855941,0,0.0944785,0.0047025,0,0
121220011,0,0,0,0,0,1,0,0,0
11100202,0.95,0,0,0,0,0.854999,0,0.9,0
11120212,1,0,0,0,0,0,0,0,0
210110200,0,0,0,0,0,0.470293,0,0.0945289,8.55865e-05
11202100,0.09405,0,0,0,1,0,0,0.7695,0
210221110,0,0,0,0,0,0,0,0,1
1112020,0.474999,0,0,0,0,0,0.949572,0,0.0949991
21122011,0,0,0,0,0,0,0.5,0,0
101120020,0,1,0,0,0,0,0,0,0
20112100,0.941364,0,0.00864499,0,0,0,0,0,0.0855009
102001012,0,0.431775,0,0.475,0.945721,0,0.0864406,0,0
110102212,0,0,1,0,0,0,0,0,0
101020210,0,0.475,0,0,0,0.0475384,0,0,0.0432207
101122210,0,0.5,0,0,0,0,0,0,0
221100211,0,0,0,0,0,0.5,0,0,0
200102011,0,0.00479232,0.00855,0,0.47072,0,0.475,0,0
120121,0.38475,1,0.423225,0,0,0.07695,0,0,0
11002102,0.0008645,0,0,0.0940594,0.940586,0,0,0,0
2110120,0.00513436,0.000863636,0,0,0,0.513856,0,0,0.00855865
101120221,0,1,0,0,0,0,0,0,0
100120012,0,0.469827,0.09405,0,0,0,0.949953,0,0
120010120,0,0,0,0,0,0,0,0,0
12021100,0.475047,0,0,0.474987,0,0,0,0.475,0.945297
100211020,0,0,0.4275,0,0,0,0.094906,0,0.907202
110211220,0,0,0,0,0,0,0,0,1
101121022,0,0,0,0,0,0,1,0,0
210100012,0,0,0.854145,0,1,0,0,0,0
212121010,0,0,0,0,0,0,1,0,0.9
12002101,0.00474996,0,0,9.49059e-05,9.41356e-07,0,0,0.0432207,0
12012121,0.5,0,0,0,0,0,0,0,0
20112001,0.5225,0,0.000941441,0,0,0,0.00474948,0,0
221101000,0,0,0,0,0,0,0,8.55e-06,0.00940509
121211200,0,0,0,0,0,0,0,0,0.5
20211121,0,0,0,0,0,0,0,0,0
211100200,0,0,0,0,0.854914,0.423225,0,0,0.95
20201110,0.0855077,0,0.005225,0,0.474525,0,0,0,0.475
11202010,0.07695,0,0,0,1,0,0.86355,0,0
10020112,0.9,0,0.95,0,0,0.84645,0,0,0
220010101,0,0,1,0.0940492,0,0.863644,0,0.855,0
211000210,0,0,0,0,0.95,0,0,0,0
211102210,0,0,0,0,0.5,0,0,0,0
210102010,0,0,0.0855864,0,0.945293,0,0.427496,0,0.0864405
112220110,0,0,0,0,0,1,0,0,0.45
1100212,0.000941357,0.475,0,0,0.522025,0.470721,0,0,0
1101202,0,0,0,0,0.95,0,0,0.9,0
20121001,0.85595,0,0,0,0,0,0.854145,1,0
21001120,0.09405,0,0,0.0949906,1,0,0,0,0.0949992
110002012,0,0,1,0,0.854145,0,0,0,0
11002120,0.474996,0,0,8.54992e-07,0.00521551,0,0,0,0
121120012,0,0,0,0,0,0,0.5,0,0
10001221,0.00864415,0,0.0941347,0.0855086,0.00949992,0,0,0,0
12122110,0,0,0,0,0,0,0,0,1
220100101,0,0,1,0,0.855,0.0854915,0,0,0
102201100,0,0.474572,0,0,0.475,0,0,0.475,0.475
10110022,0.084722,0,0.0940415,0,0,0.855,1,0,0
10221010,0.95,0,0.423225,0,0,0,0.7695,0,0.854914
2110012,0,0.854914,0,0,0,1,0,0,0
202001110,0,0,0,0,0,0,0,0,0.95
221100010,0,0,0,0,0.0949991,0.00431822,0.047025,0,0.08645
121120,0.7695,1,0,0,0,0,0,0,0
212011102,0,0,0,0,0,0,0,0,0
120100210,0,0,0.0864405,0,0.518225,0.474952,0,0,0.474957
100212100,0,0,0.00863644,0,0,0,0,0,0.940595
100021021,0,0.9,0.95,0.388597,0,0,0,0,0
122001001,0,0,0,0,0.95,0,0.093879,0,0
101202010,0,0.0949145,0,0,1,0,0.0949136,0,0.094905
110102002,0,0,1,0,0.0864405,0,0.84645,0.854999,0
210211000,0,0,0.7695,0,0,0,1,0,0
212211001,0,0,0,0,0,0,1,0,0
200100211,0,0.38475,0.95,0,0.517266,0.474097,0,0,0
210102211,0,0,0,0,0.5,0,0,0,0
12212101,0,0,0,0,0,0,0,0,0
200101210,0,0.0093879,0,0,0.95,0,0,0,0.854999
12010201,0.0855865,0,0,0,0,0,0,0,0
221001112,0,0,0,0,1,0,0,0,0
110020120,0,0,0.0470721,9.49906e-05,0,0.00949145,0,0,0
101210002,0,0.00475,0,0,0,0,0.00475042,0.000940596,0
102001201,0,0,0,0,1,0,0,0,0
2110102,0,0.84645,0,0,0,1,0,0,0
121012210,0,0,0,0,0,0,0,0,0.5
21121210,0,0,0,0,0,0,0,0,0.5
101122000,0,0.859279,0,0,0,0,4.3225e-06,0.000949051,0
101122021,0,1,0,0,0,0,0,0,0
212100112,0,0,0,0,1,0,0,0,0
120110200,0,0,0,0,0,0.000475,0,0.0085501,0.475
120110212,0,0,0,0,0,0.5,0,0,0
201112000,0,0.432207,0,0,0,0,0.475,0.475,0
2011201,0.00940501,0.0949906,0,0.00863645,0,0,0,0,0
121022101,0,0,0,0.9,0,0,0,1,0
21200011,8.64499e-05,0,0,0,0.0855009,8.63636e-05,0.00094905,0,0
120212110,0,0,0,0,0,0,0,0,0
100121002,0,0.7695,0,0,0,0,0.95,0.095,0
11201002,0.95,0,0,0,0,0,0.864405,0,0
211201102,0,0,0,0,1,0,0,0,0
21211210,1,0,0,0,0,0,0,0,0
120011122,0,0,0,0,0,0,0,0,0
2210101,0.00518225,8.55864e-06,0,0,0,0,0,0.43225,0
212102110,0,0,0,0,0,0,0,0,1
22001101,0.9,0,0,0,0,0,0,0.95,0
211001212,0,0,0,1,0,0,0,0,0
2112010,0.0940414,0.854914,0,0,0,0,0.854991,0,1
211121200,0,0,0,0,0,0,0,0,1
1110202,0.84645,0.0854145,0,0,0,0,0,1,0
201110212,0,0,0,0,0,0,0,0,0
112000021,0,0,0,0.432245,0.90725,0,0.00855941,0,0
121202110,0,0,0,0,1,0,0,0,0
21211012,0,0,0,0,0,0,0.5,0,0
20110210,0.471109,0,0.086355,0,0,0.475,0,0,0.474525
21120001,0,0,0,0,0,0.854145,0,1,0
200001211,0,0.863541,0.7695,1,0,0,0,0,0
212001211,0,0,0,0.9,1,0,0,0,0
220211110,0,0,1,0,0,0,0,0,0
121102012,0,0,0,0,0,0,0.5,0,0
202121110,0,1,0,0,0,0,0,0,0
10102102,0.95,0,0.9,0,0.0855,0,0,0.00864491,0
211010020,0,0,0,0.0949137,0,0,0.95,0,0
211100002,0,0,0,0,1,0,0.854145,0,0
110210020,0,0,0.0470255,0,0,0,9.405e-05,0,0.478852
212101102,0,0,0,0,1,0,0,0,0
20101201,0,0,0.086355,0,0.0949999,0,0,0,0
120121201,0,0,1,0,0,0,0,0,0
12110122,0,0,0,0,0,1,0,0,0
21010210,0.518178,0,0,0.475043,0,0.475,0,0,0.475
21012211,0.5,0,0,0,0,0,0,0,0
10102210,0.474952,0,0.095,0,0.475005,0,0,0,0.000854992
10221121,0,0,0.5,0,0,0,0,0,0
202101010,0,0.9,0,0,0.95,0,0,0,0.854145
101200120,0,0.949914,0,0,0.00855095,0.00855864,0,0,0
211020001,0,0,0,0.00949999,0,0.949573,0.432635,0.047072,0
100210210,0,0.0470678,0,0,0,0,0,0,0.0475
102211210,0,0,0,0,0,0,0,0,0
110121022,0,0,0,0,0,0,1,0,0
101102221,0,0,0,0,0,0,0,0,0
201001120,0,0.00949905,0,0,0.00941441,0,0,0,0.0855855
22110211,1,0,0,0,0,0,0,0,0
10112221,0.5,0,0,0,0,0,0,0,0
112120000,0,0,0,0,0,0.854145,1,0,0.7695
112121002,0,0,0,0,0,0,1,0,0
20211112,0,0,0.5,0,0,0,0,0,0
210011020,0,0,0.431818,0.949957,0,0,0.0949992,0,0.000855
211011022,0,0,0,0,0,0,1,0,0
11210002,8.63636e-05,0,0,0,0,0,8.46451e-09,9.4905e-05,0
120201010,0,0,0.474567,0,0.474568,0,0.04275,0,0.475
20120101,0.84645,0,0,0,0,0.854145,0,1,0
201211000,0,0,0,0,0,0,1,0,0
121020001,0,0,0,0.86184,0,0.95,0.897706,0.9,0
1201012,0.95,0.474525,0,0,0.522405,0,0.522457,0,0
10220110,0.094999,0,0.38475,0,0,1,0,0,0
10021021,0.474572,0,0.949996,0.0470297,0,0,0.0863636,0,0
2210110,0.000949991,0.95,0,0,0,0.0940501,0,0,0.000428403
2010112,0.854145,0.95,0,0,0,0,0,0,0
110020201,0,0,1,0.864396,0,0,0,0.854991,0
210112021,0,0,0.5,0,0,0,0.5,0,0
11221012,1,0,0,0,0,0,0,0,0
100202011,0,0,0,0,1,0,0,0,0
212101120,0,0,0,0,0.5,0,0,0,0
100021210,0,0.893466,1,0.084645,0,0,0,0,0.862694
100012120,0,0,9.40502e-06,0,0,0,0,0,0.000949144
10120021,0.475,0,0.949957,0,0,0.474568,0.0941355,0,0
110120221,0,0,1,0,0,0,0,0,0
221000011,0,0,0,0.855864,0,0.0474572,0.0944822,0,0
10122100,0.949572,0,9.49914e-06,0,0,0,0,0.0474564,0.0949992
10100122,0.864406,0,0.00094906,0,0.08645,0,0,0,0
11121220,0,0,0,0,0,0,0,0,1
12020110,0.778988,0,0,0.084645,0,0.095,0,0,0.95
1202110,0,0,0,0,1,0,0,0,0
20102101,0.00941364,0,0.000855009,0,0.0941355,0,0,0.00855,0
201021010,0,0.84645,0,0.854991,0,0,0.863456,0,1
120012112,0,0,1,0,0,0,0,0,0
102110200,0,0,0,0,0,0.949136,0,0.009405,0.00864414
211101022,0,0,0,0,1,0,0,0,0
120020101,0,0,0,0.7695,0,0,0,1,0
121220101,0,0,0,0,0,0.9,0,1,0
12211102,0,0,0,0,0,0,0,0.5,0
12201112,0,0,0,0,0.5,0,0,0,0
102112,0,0.0854145,1,0,0.7695,0,0,0,0
202110121,0,1,0,0,0,0.495,0,0,0
21200110,0,0,0,0,0.0513094,0.086355,0,0,0.0475
121221100,0,0,0,0,0,0,0,1,0.45
212012101,0,0,0,0,0,0,0,0.5,0
1220011,0,0,0,0,0,1,0.0949033,0,0
200110021,0,0.00855,0.0949564,0,0,0.475,0.47072,0,0
21112021,0,0,0,0,0,0,0,0,0
1212211,1,0,0,0,0,0,0,0,0
201120211,0,0,0,0,0,0.5,0,0,0
20001112,0.95,0,0.522453,0.469395,0.479646,0,0,0,0
12101122,0,0,0,0,0,0,0,0,0
110202211,0,0,0,0,1,0,0,0,0
220211101,0,0,1,0,0,0,0,0,0
101010220,0,0.854145,0,0,0,0,0,0,1
21211000,0.00855856,0,0,0,0,0,0.00479314,0,0.00475
211020100,0,0,0,0.95,0,0.854914,0,0,0
121102,1,0.7695,0.07695,0,0,0,0,0.854991,0
110010220,0,0,0,0,0,0,0,0,1
201120121,0,1,0,0,0,0.45,0,0,0
100121200,0,0,0,0,0,0,0,0.95,0
1120120,0.7695,1,0,0,0,0.478706,0,0,0.0084645
211120120,0,0,0,0,0,0,0,0,1
121000021,0,0,0,0,1,0,0,0,0
21102112,0,0,0,0,0,0,0,0,0
212021101,0,0,0,0,0,0,0,0.5,0
211001200,0,0,0,1,0,0,0,0,0
212010100,0,0,0,0.470678,0,0.00513903,0,0.475,0.00855086
122211100,0,0,0,0,0,0,0,0,0.5
201212011,0,0,0,0,0,0,1,0,0
10002112,0,0,1,0,0,0,0,0,0
122010010,0,0,0,0.431818,0,0.00949051,0,0,0.907202
1110220,0.00854145,0.0855864,0,0,0,0.5225,0,0,1
200201011,0,0,0.84645,0,0,0,1,0,0
100212010,0,0,8.55951e-11,0,0,0,0,0,8.55941e-05
102201211,0,0,0,0,1,0,0,0,0
1012021,0.00474996,0,0,0,0,0,0.470297,0,0
110100220,0,0,0,0,0.854991,0,0,0,1
12012100,0.050445,0,0,0.007695,0,0,0,0.89775,1
211210000,0,0,0,0,0,0.07695,1,0,0
21021100,0.094999,0,0,0.52155,0,0,0,1,0
211201012,0,0,0,0,1,0,0.9,0,0
12211000,0.00474953,0,0,0,0,0,0.0855009,0.475,0.043178
212211100,0,0,0,0,0,0,0,0.5,0
21210001,9.40501e-08,0,0,0,0,0,9.49137e-05,0,0
1102012,0.0941365,0.047072,0,0,0.0949906,0,0.0470725,0,0
210001102,0,0,0.0949999,0.7695,1,0,0,0,0
210221101,0,0,0,0,0,0,0,0,0
100221112,0,0.5,0.5,0,0,0,0,0,0
221120101,0,0,0,0,0,0,0,1,0
112210000,0,0,0,0,0,0.00094906,0,0.00474957,0.0940548
211002100,0,0,0,0.0095,0.95,0,0,0.474982,0.0949049
11212,9.49992e-06,0.474995,0,0.432716,0,0,0,0,0
201011212,0,0,0,1,0,0,0,0,0
12100120,0.475,0,0,0,0.474952,0.0945678,0,0,0.0855856
212101210,0,0,0,0,0.9999,0,0,0,0
200010121,0,0.000949145,0.522453,0.474995,0,0.474957,0,0,0
211120201,0,0,0,0,0,0.5,0,0,0
101210200,0,0.000474573,0,0,0,0,0,8.55001e-08,0.470259
11102002,0.0863636,0,0,0,0.864499,0,0.0094051,8.55e-05,0
100021012,0,0.474944,0.475047,0.474995,0,0,0.945724,0,0
112021012,0,0,0,0.45,0,0,1,0,0
102020011,0,0,0,0,0,0,1,0,0
122100010,0,0,0,0,0.949059,0.0855,0.0949145,0,0.0855856
11002210,0.0427073,0,0,0.0855,0.0898696,0,0,0,0
100021102,0,0.0521978,0.43178,0.475,0,0,0,0.0855087,0
120011212,0,0,0,0.5,0,0,0,0,0
202001101,0,1,0,0.478714,0,0,0,0,0
102001210,0,0.0941442,0,0.00949915,1,0,0,0,0.095
211012000,0,0,0,0.000855,0,0,0.0906347,0.00431823,0
120210100,0,0,0.0470298,0,0,0,0,0,0.00470293
121020112,0,0,0,0.5,0,0,0,0,0
11122,0,0,0.427547,0.000432207,0,0,0,0,0
210011122,0,0,0,0,0,0,0,0,0
2012011,0.094906,0.0855,0,0,0,0,0,0,0
200121100,0,0.854914,0,0,0,0,0,0.95,0
201121120,0,0,0,0,0,0,0,0,1
210100102,0,0,0.95,0,0,0,0,0.778041,0
210101212,0,0,0,0,1,0,0,0,0
112020001,0,0,0,0.84645,0,0.84645,1,0,0
112022101,0,0,0,1,0,0,0,0,0
212001112,0,0,0,0,1,0,0,0,0
112221010,0,0,0,0,0,0,1,0,0.49995
211022101,0,0,0,1,0,0,0,0.45,0
121000201,0,0,0,0,0.0436952,0.00470725,0,8.55009e-05,0
121200211,0,0,0,0,0,0,0,0,0
201002101,0,0,0,9.40595e-07,0.855513,0,0,0.00474568,0
1212001,0.0085595,0,0,0,0,0,0.00095,0,0
121201000,0,0,0,0,9.49478e-06,0,0.00474573,8.55864e-05,0.475
212001100,0,0,0,0.0432203,0.522453,0,0,0.475,0.0095
101201212,0,0.5,0,0,0,0,0,0,0
110100202,0,0,0.95,0,0.863635,0.0949971,0,0,0
20110120,0.000863637,0,0.000855086,0,0,0,0,0,0
12201010,0.0941355,0,0,0,0.95,0,0,0,0.0423225
120112210,0,0,0,0,0,0,0,0,0.5
11002012,0.0855949,0,0,8.4645e-05,0.00949992,0,0,0,0
122121010,0,0,0,0,0,0,1,0,0
21210010,0.0864492,0,0,0,0,0,0.902971,0,0.474572
120001021,0,0,0.094906,0,1,0,0,0,0
12120121,0.5,0,0,0,0,0,0,0,0
202211110,0,1,0,0,0,0,0,0,0
21112,1,0.89766,0.84645,0,0,0,0,0,0
120021112,0,0,0,0.5,0,0,0,0,0
10200211,0,0,0,0,0.95,0.864302,0,0,0
120001102,0,0,0.0470725,0.475,0.0431775,0,0,0.00855086,0
120201112,0,0,0.5,0,0.5,0,0,0,0
1210210,1,0.854991,0,0,0,0.094906,0,0,0
211110022,0,0,0,0,0,0,1,0,0
2110201,0.000864405,0.00863637,0,0,0,0,0,0,0
20120110,0.094145,0,0.0084645,0,0,0,0,0,0.0949992
2120110,0.0949144,0.00864491,0,0,0,0.07695,0,0,0.094051
101202100,0,0.0940329,0,0,1,0,0,0,0.093879
112021021,0,0,0,0.495,0,0,1,0,0
200211121,0,0,0.5,0,0,0,0,0,0
220011010,0,0,0.9,0.95,0,0,0.855949,0,0
121201,0,0.095,1,0,0,0,0,0,0
221102011,0,0,0,0,0,0,0.5,0,0
121022011,0,0,0,1,0,0,0.495,0,0
121002211,0,0,0,0,0.5,0,0,0,0
110202100,0,0,0.7695,0,1,0,0,0.854145,0
210020101,0,0,0.470725,0.0855,0,4.70251e-05,0,0.475,0
122021011,0,0,0,0,0,0,1,0,0
120101212,0,0,0,0,0.5,0,0,0,0
101200021,0,8.55001e-07,0,0,8.55941e-05,0.000864405,0,0,0
101220121,0,1,0,0,0,0,0,0,0
1102021,0.474995,0,0,0,0.517755,0,0.474572,0,0
120211012,0,0,0.5,0,0,0,0.5,0,0
100121212,0,0,1,0,0,0,0,0,0
220110010,0,0,1,0,0,0.427072,0.47405,0,0.0948178
200021101,0,8.55009e-06,0.0949521,0,0,0,0,0.855864,0
212110,0,0,8.64413e-08,0,0,0,0,0,9.49906e-12
11202211,0.9,0,0,0,1,0,0,0,0
221101210,0,0,0,0,0,0,0,0,0
12102211,0,0,0,0,1,0,0,0,0
2001121,0.521636,0.95,0,0.38475,0.5225,0,0,0,0
202011121,0,1,0,0.495,0,0,0,0,0
200120110,0,0.7695,0,0,0,0,0,0,1
110120020,0,0,0.0949137,0,0,0,0.941449,0,0.094145
11221210,1,0,0,0,0,0,0,0,0
11221000,0.0949145,0,0,0,0,0,0,0,0.095
221011012,0,0,0,0,0,0,0,0,0
102100021,0,0.0863551,0,0,0.0855941,0,0.00855949,0,0
120001012,0,0,0.0432198,0.474525,0.474572,0,0.475,0,0
20110012,0.0941365,0,0.09405,0,0,0.945678,0.0427539,0,0
220011112,0,0,1,0,0,0,0,0,0
211110202,0,0,0,0,0,0,0,1,0
22121011,1,0,0,0,0,0,0,0,0
22001011,1,0,0,0.7695,0,0,0,0,0
211120000,0,0,0,0,0,0.5225,0.50787,0.479172,1
20101120,0.0949895,0,0,0,1,0,0,0,0
121211002,0,0,0,0,0,0,0.5,0,0
10200121,0.470677,0,0.474525,0,0.902975,0.007695,0,0,0
102012100,0,0.854145,0,0.84645,0,0,0,0,1
200001121,0,0.094127,0.907246,0.470724,0.0518182,0,0,0,0
220101121,0,0,1,0,0,0,0,0,0
101121220,0,0.9,0,0,0,0,0,0,1
1201102,0.0949145,0.432246,0,0,0.522072,0,0,0,0
11102200,0.475,0,0,0,0.470724,0,0,0.0479276,0.0855
1211002,0.0932805,0.00038475,0,0,0,0,0.95,0.0949999,0
101002021,0,0.000949137,0,0.000855,0.009405,0,0,0,0
12021010,0.95,0,0,0.7695,0,0,0.9,0,0.7695
1022101,0.512872,0.0948965,0,0,0,0,0,0.95,0
12102121,0.5,0,0,0,0,0,0,0,0
20211100,0.0940594,0,0.51822,0,0,0,0,0,0.431779
2012110,0.084645,0.0855853,0,0.855,0,0,0,0,1
101200201,0,0,0,0,8.55e-05,8.55002e-08,0,0,0
11220001,0.0854999,0,0,0,0,1,0.855,0.084645,0
201001210,0,0.84645,0,0,0.7695,0,0,0,0.95
122021101,0,0,0,0,0,0,0,1,0
210002110,0,0,0.0086449,0.0855,0.07695,0,0,0,0.00864499
202101211,0,0,0,0,1,0,0,0,0
22010110,0,0,0,0.846835,0,0.86261,0,0,0.95
22211110,1,0,0,0,0,0,0,0,0.495
121001002,0,0,0,0.465979,0.7695,0,0,0.95,0
121121002,0,0,0,0,0,0,0.495,1,0
120020011,0,0,0.00855865,8.55942e-06,0,0.0436568,0.907207,0,0
11102212,0,0,0,0,0,0,0,0,0
200101012,0,0.7695,0,0,1,0,0,0,0
211102,0,0.474953,0.475,0,0,0,0,0.00475,0
21002011,0.427505,0,0,9.405e-05,0.471114,0,0.475,0,0
22112110,1,0,0,0,0,0,0,0,0
1011202,0,0,0,0.854145,0,0,0,1,0
110221000,0,0,0.949953,0,0,0,0.0863551,0.0470292,0.474952
12121120,0.5,0,0,0,0,0,0,0,0
102121012,0,0,0,0,0,0,1,0,0
201002011,0,0.427457,0,0.0949897,0.00855,0,0.47975,0,0
1200211,0.9,0,0,0,0,0.95,0,0,0
20211010,0.95,0,0.522457,0,0,0,0.522496,0,0.474999
210001021,0,0,0.475,0.0907203,0.47072,0,9.41355e-07,0,0
221110201,0,0,0,0,0,0.5,0,0,0
20101021,0.854145,0,0,0,1,0,0,0,0
120210010,0,0,0.0475,0,0,0,0.427975,0,0.475
100011202,0,0.427072,0,0.427072,0,0,0,1,0
100020211,0,0,0.9,0.95,0,0.84645,0,0,0
21210211,1,0,0,0,0,0,0,0,0
101211220,0,0,0,0,0,0,0,0,1
201100201,0,0.0431775,0,0,0.47453,0.475,0,0.000474995,0
200121211,0,0,1,0,0,0,0,0,0
102010102,0,0.0854915,0,0.522498,0,1,0,0,0
200021011,0,0.000855,0.949136,0.007695,0,0,0.00949049,0,0
202121011,0,1,0,0,0,0,0.9,0,0
211002001,0,0,0,0.95,0.518044,0,0.521977,0,0
12210100,0.0475,0,0,0,0,9.40501e-07,0,0.475,0.432725
210121201,0,0,1,0,0,0,0,0,0
121201210,0,0,0,0,0,0,0,0,0.5
10011022,0.855,0,0.427457,0.427072,0,0,1,0,0
110202010,0,0,0,0,1,0,0,0,0
12121102,1,0,0,0,0,0,0,0,0
121102000,0,0,0,0,0.0475005,0,0.475,0.085501,0.470255
10102201,0.474999,0,0.00949915,0,0.475432,0,0,0.4275,0
112110202,0,0,0,0,0,0.9,0,1,0
101112202,0,0.45,0,0,0,0,0,1,0
102200011,0,0,0,0,0.095,0.0940586,0.095,0,0
2102101,0.000479664,0.0864405,0,0,0,0,0,0.000470293,0
201110002,0,0,0,0,0,0,9.40587e-06,0.0085501,0
1021102,0.9,0.855846,0,0,0,0,0,0.95,0
220001110,0,0,1,0.0940594,0.0949992,0,0,0,0
220121110,0,0,0.9,0,0,0,0,0,1
102021001,0,0.7695,0,0.522452,0,0,0.9,0.95,0
220100110,0,0,1,0,0.862695,0,0,0,0.86261
2101102,0.00940587,9.4905e-06,0,0,0.0949059,0,0,0,0
112201102,0,0,0,0,0.5,0,0,0.5,0
112011202,0,0,0,0,0,0,0,1,0
1121002,0,0.95,0,0,0,0,0,0.855,0
100011022,0,0,0.7695,0.470203,0,0,1,0,0
1011022,0,0,0,0,0,0,1,0,0
22112101,1,0,0,0,0,0,0,0,0
110211202,0,0,0,0,0,0,0,1,0
12021121,0.5,0,0,0.5,0,0,0,0,0
220112101,0,0,1,0,0,0,0,0,0
21122101,0,0,0,0,0,0,0,1,0
11220010,0.95,0,0,0,0,0,0,0,0.0949991
211202110,0,0,0,0,1,0,0,0,0
100120210,0,0.512995,1,0,0,0,0,0,0.521977
110021020,0,0,0.949996,0.474999,0,0,0.00949915,0,0
122000101,0,0,0,0,0.855941,0,0,8.6356e-07,0
110021200,0,0,1,0.864404,0,0,0,0,0.09405
102200101,0,0,0,0,0.42798,0.000855864,0,0.000474996,0
122001121,0,0,0,0,1,0,0,0,0
212011021,0,0,0,0.5,0,0,0,0,0
201211,1,0,0,0,0,0,0,0,0
120201211,0,0,0,0,0,0,0,0,0
12102100,0,0,0,0,0,0,0,0,1
21000211,0.0513428,0,0,0.0855949,0.00432207,0.475,0,0,0
1112002,0,0.47072,0,0,0,0,0.949953,0.094145,0
220001101,0,0,1,0.854991,0.86355,0,0,0.086432,0
2121010,0.7695,0.95,0,0,0,0,0,0,0
211120,0.0475,0,0.475,0,0,0,0,0,0.432246
2211121,0.5,0,0,0,0,0,0,0,0
201210010,0,0,0,0,0,0,1,0,0
10210120,4.27932e-05,0,0.475,0,0,0,0,0,0.0475
112001221,0,0,0,0,1,0,0,0,0
200210110,0,9.49137e-06,8.55009e-09,0,0,0,0,0,0
121200100,0,0,0,0,0.95,0.0941449,0,0.0864499,0
120000211,0,0,0.00941449,0,0.949957,0.474529,0,0,0
100101022,0,0.7695,0,0,0.864482,0,1,0,0
20112121,0,0,0,0,0,0,0,0,0
212100010,0,0,0,0,0.95,0.0855,0.085595,0,0.0949049
221010211,0,0,0,1,0,0.4995,0,0,0
101220010,0,0.854999,0,0,0,1,0,0,0
11001220,0.0940499,0,0,0,0,0,0,0,1
210121,0.043225,0,0.0474573,0,0,0,0,0,0
10021102,1,0,0.522066,0.52203,0,0,0,0.093195,0
20102110,0.00941347,0,0.855,0,0,0,0,0,0
112212100,0,0,0,0,0,0,0,0,1
101202001,0,0,0,0,1,0,0.7695,0,0
121021000,0,0,0,0,0,0,0,1,0
202011211,0,0.9,0,1,0,0,0,0,0
1022110,0,0,0,1,0,0,0,0,0.854145
201200011,0,0,0,0,0,0.0864497,1,0,0
120211,0.522444,0.423225,1,0,0,0.423225,0,0,0
121012,0.9,0,0.95,0,0,0,0,0,0
112220011,0,0,0,0,0,1,0.9,0,0
121101022,0,0,0,0,1,0,0,0,0
22101001,1,0,0,0,0.855,0,0.0855,0.854914,0
12120010,0.84645,0,0,0,0,0,0.9,0,0.95
10010122,0,0,0.522072,0.474525,0,0.0940501,0,0,0
2121121,0.4995,1,0,0,0,0,0,0,0
12211201,1,0,0,0,0,0,0,0,0
200201101,0,9.4051e-05,0.00949479,0,0,0,0,0.0475,0
12010120,0.474995,0,0,0.47025,0,0.95,0,0,0.475005
10212001,0.0855855,0,0,0,0,0,0.0863551,0,0
101021200,0,0.907198,0,0,0,0,0,0.000855855,0.0949991
121121200,0,0,0,0,0,0,0,1,0
112210102,0,0,0,0,0,1,0,0.45,0
11121022,0.9,0,0,0,0,0,1,0,0
121202011,0,0,0,0,1,0,0,0,0
210101122,0,0,0,0,1,0,0,0,0
101012020,0,0,0,0,0,0,0.855009,0,8.63551e-06
10020211,0,0,0.9,0.95,0,0,0,0,0
11021122,1,0,0,0,0,0,0,0,0
110221120,0,0,0.5,0,0,0,0,0,0
112000012,0,0,0,0.0423225,0.95,0,0,0,0
21100102,0.949999,0,0,0,0.0941365,0,0,0,0
110022001,0,0,0,1,0,0,0,0,0
211102012,0,0,0,0,1,0,0,0,0
221100112,0,0,0,0,1,0,0,0,0
121120201,0,0,0,0,0,0,0,1,0
121011220,0,0,0,0,0,0,0,0,1
212120011,0,0,0,0,0,0,1,0,0
211100212,0,0,0,0,1,0,0,0,0
11211022,0,0,0,0,0,0,1,0,0
10212121,0,0,0,0,0,0,0,0,0
112120012,0,0,0,0,0,0,1,0,0
21110221,0,0,0,0,0,0,0,0,0
120001120,0,0,0,0,1,0,0,0,0
21010201,0.00470725,0,0,0.00941365,0,0.00431822,0,0,0
101201200,0,4.74995e-05,0,0,0,0,0,0.00855001,0.0470345
220110112,0,0,1,0,0,0,0,0,0
110002201,0,0,0.0094145,0.0940594,0.00095,0,0,0,0
1122010,0.479322,0.43178,0,0,0,0,0.474482,0,0.0863644
11122012,1,0,0,0,0,0,0,0,0
12021112,1,0,0,0.45,0,0,0,0,0
221102110,0,0,0,0,0,0,0,0,0
211201,1,0,0,0,0,0,0,0,0
1121212,1,0.495,0,0,0,0,0,0,0
120001210,0,0,0.0941364,0.0432198,0.906822,0,0,0,0.474994
122210110,0,0,0,0,0,0,0,0,0.5
210021121,0,0,0.5,0,0,0,0,0,0
21002101,0,0,0,0.000949992,0.949991,0,0,0.00949145,0
211100020,0,0,0,0,0.423225,0.470203,0.427072,0,0.95
221010001,0,0,0,8.55095e-05,0,0.0470682,0.00474619,0,0
211211020,0,0,0,0,0,0,1,0,0
21120112,1,0,0,0,0,0,0,0,0
101221102,0,0.5,0,0,0,0,0,0,0
121201012,0,0,0,0,0.5,0,0.5,0,0
100202101,0,0.0940585,0.0854999,0,1,0,0,0.0941449,0
210201001,0,0,0.522457,0,0,0,1,0.094905,0
122011000,0,0,0,0.0474996,0,0,0,0,0.474957
100220110,0,0.04275,0.00906762,0,0,1,0,0,0.427457
20010112,0,0,0.95,0,0,0,0,0,0
220110211,0,0,1,0,0,0,0,0,0
211112200,0,0,0,0,0,0,0,0.5,0
102101212,0,0,0,0,1,0,0,0,0
102210112,0,0.45,0,0,0,1,0,0,0
122011012,0,0,0,0.5,0,0,0,0,0
102020101,0,0.0094051,0,4.31732e-05,0,0.00941356,0,0.517789,0
112200121,0,0,0,0,0.5,0,0,0,0
112220101,0,0,0,0,0,1,0,0.495,0
12100102,0.854991,0,0,0,0.7695,1,0,0,0
112020112,0,0,0,0.45,0,1,0,0,0
112211002,0,0,0,0,0,0,0,0.5,0
202101100,0,1,0,0,0,0,0,0.38475,0
12100201,0.09405,0,0,0,1,0.094905,0,0.0855,0
2010121,0.949568,0.0949136,0,0.431822,0,0.470721,0,0,0
200211010,0,0.95,0,0,0,0,0,0,0.854145
220211011,0,0,1,0,0,0,0.9,0,0
10121020,0.38475,0,0.38475,0,0,0,0,0,0.95
210002101,0,0,0.0475,0.0086355,0.0513427,0,0,0.475,0
210012121,0,0,0.5,0,0,0,0,0,0
110001202,0,0,0.95,0,0,0,0,0,0
12000112,0,0,0,0.0854992,0.95,0.9,0,0,0
1120210,0.949995,0.47025,0,0,0,0.475,0,0,0.475047
210020110,0,0,0.855,0.000931942,0,0,0,0,1
1101022,0.854991,0.7695,0,0,0,0,1,0,0
12020011,0.778049,0,0,0,0,0.7695,1,0,0
100101202,0,0,0,0,0.95,0,0,0.9,0
2011120,0.0436995,0.00855009,0,0.475,0,0,0,0,0.474529
200110201,0,0.436482,0.086355,0,0,0.475,0,0.043225,0
11120002,1,0,0,0,0,0.854145,0,0.854145,0
12221110,0,0,0,0,0,0,0,0,0.5
101012200,0,0.431822,0,0,0,0,0,0.00855001,0.00859712
20100121,0,0,0,0,1,0,0,0,0
210021211,0,0,1,0.9,0,0,0,0,0
21100012,0.095,0,0,0,0.949529,0.431775,0.474952,0,0
11202121,0,0,0,0,1,0,0,0,0
110200021,0,0,0.0474529,0,0.0427927,0.863644,0,0,0
10120012,0,0,0,0,0,0.95,0.854145,0,0
110002210,0,0,0.00855,0.0855855,0.95,0,0,0,0.0854999
201122011,0,0,0,0,0,0,0.5,0,0
10120120,0.907202,0,0.4275,0,0,0.4275,0,0,0.00864415
20021011,0.000863644,0,0.0949145,0,0,0,0.941441,0,0
10212100,0,0,8.55e-06,0,0,0,0,0,0.00855086
112110220,0,0,0,0,0,0,0,0,1
121212010,0,0,0,0,0,0,0,0,0
201121210,0,0,0,0,0,0,0,0,1
20101012,0.000948948,0,0,0,0.949957,0,0,0,0
201010210,0,0.427072,0,1,0,0.854145,0,0,0
22101121,1,0,0,0,0,0,0,0,0
210211021,0,0,0,0,0,0,1,0,0
112001002,0,0,0,0.470245,0.47975,0,0.95,0.4275,0
110122000,0,0,0.0949991,0,0,0,0.0863542,0,0.0855
10122112,0,0,1,0,0,0,0,0,0
102100012,0,0,0,0,0,0,0.95,0,0
2201110,0.0941442,0.0517275,0,0,0.431774,0,0,0,0.475
21000112,0.094906,0,0,0.474957,0.907246,0,0,0,0
100101220,0,0.854991,0.0863549,0,0,0,0,0,1
102021010,0,0.09405,0,0,0,0,1,0,0.855
221110000,0,0,0,0,0,0.43225,0.0427975,0,0
210211102,0,0,0,0,0,0,0,0,0
210000112,0,0,0,0,1,0,0,0,0
101100202,0,0,0,0,0,0,0,1,0
121000210,0,0,0,0.432207,0.475,0.475,0,0,0.475
110002120,0,0,0.00940586,9.41442e-07,8.55856e-05,0,0,0,8.55009e-05
11200120,0,0,0,0,8.55e-05,0.855009,0,0,0
112120021,0,0,0,0,0,0,1,0,0
20210011,0.855864,0,8.6356e-05,0,0,0,0.000941364,0,0
121102021,0,0,0,0,1,0,0,0,0
102101221,0,0,0,0,1,0,0,0,0
101120002,0,0.043264,0,0,0,0,0.479702,0.000864415,0
101212000,0,0,0,0,0,0,0,0,0
112002001,0,0,0,0,0.95,0,0,0,0
110022100,0,0,0.855,1,0,0,0,0.854914,0.7695
120102010,0,0,0.0863559,0,0.470293,0,0.475,0,0.0479275
121021102,0,0,0,0.4995,0,0,0,1,0
110121202,0,0,0.9,0,0,0,0,1,0
101012212,0,0.5,0,0,0,0,0,0,0
101200012,0,0.475,0,0,0.0479271,0.085501,0.474953,0,0
101021212,0,0.5,0,0,0,0,0,0,0
110202001,0,0,0.855,0,1,0,0,0.855,0
122101201,0,0,0,0,1,0,0,0,0
12122011,0,0,0,0,0,0,1,0,0
120001201,0,0,0.9405,0,0.095,0,0,9.405e-05,0
120112012,0,0,1,0,0,0,0,0,0
221100121,0,0,0,0,1,0,0,0,0
